sample_id,benchmark_split,npds_split,source_id,crop_file,crop_width,crop_height,sharpness,contrast,quality_score,source_image
M20D_DEV_001,dev,val,V_P_I_1034,M20D_DEV_001.jpg,240,155,1956.071,65.33,1.0,/home/divya/projects/IndianANPR/data/processed/npds_leakage_safe/images/val/V_P_I_1034_jpg.rf.f430209e056c9da5ee29fbec614bcc57.jpg
M20D_DEV_002,dev,val,V_P_I_1166,M20D_DEV_002.jpg,235,216,5081.214,76.487,1.0,/home/divya/projects/IndianANPR/data/processed/npds_leakage_safe/images/val/V_P_I_1166_jpg.rf.426b3a632fd952ca7ac78bba7d9a28a0.jpg
M20D_DEV_003,dev,val,V_P_I_123,M20D_DEV_003.jpg,244,77,1332.679,79.039,1.0,/home/divya/projects/IndianANPR/data/processed/npds_leakage_safe/images/val/V_P_I_123_jpg.rf.c414d6e7a9c0f61543076af1f0d5faad.jpg
M20D_DEV_004,dev,val,V_P_I_138,M20D_DEV_004.jpg,229,96,5592.904,63.975,1.0,/home/divya/projects/IndianANPR/data/processed/npds_leakage_safe/images/val/V_P_I_138_jpg.rf.00584a39846f3d32685881a05aec0ab6.jpg
M20D_DEV_005,dev,val,V_P_I_146,M20D_DEV_005.jpg,248,93,5856.14,82.911,1.0,/home/divya/projects/IndianANPR/data/processed/npds_leakage_safe/images/val/V_P_I_146_jpg.rf.97d2beaba5bfed9e58c0cc7b88dc8683.jpg
M20D_DEV_006,dev,val,V_P_I_160,M20D_DEV_006.jpg,271,92,6235.516,80.741,1.0,/home/divya/projects/IndianANPR/data/processed/npds_leakage_safe/images/val/V_P_I_160_jpg.rf.3ae5e64005e3f75516f2eabaa9bec4cb.jpg
M20D_DEV_007,dev,val,V_P_I_164,M20D_DEV_007.jpg,245,169,6388.751,74.648,1.0,/home/divya/projects/IndianANPR/data/processed/npds_leakage_safe/images/val/V_P_I_164_jpg.rf.363586ca0370585d49a6acd5412487d3.jpg
M20D_DEV_008,dev,val,V_P_I_1727,M20D_DEV_008.jpg,193,199,4918.622,73.757,1.0,/home/divya/projects/IndianANPR/data/processed/npds_leakage_safe/images/val/V_P_I_1727_jpg.rf.2123a845b6f60d5c45329007b879f179.jpg
M20D_DEV_009,dev,val,V_P_I_1750,M20D_DEV_009.jpg,228,164,1788.955,67.859,1.0,/home/divya/projects/IndianANPR/data/processed/npds_leakage_safe/images/val/V_P_I_1750_jpg.rf.03e093dd28eb9dadd218d21a2c4d6577.jpg
M20D_DEV_010,dev,val,V_P_I_1768,M20D_DEV_010.jpg,230,280,6072.713,66.369,1.0,/home/divya/projects/IndianANPR/data/processed/npds_leakage_safe/images/val/V_P_I_1768_jpg.rf.776f1fcc109c5b9af250f0e91d5705bd.jpg
M20D_DEV_011,dev,val,V_P_I_1770,M20D_DEV_011.jpg,297,120,2847.997,70.65,1.0,/home/divya/projects/IndianANPR/data/processed/npds_leakage_safe/images/val/V_P_I_1770_jpg.rf.24db7963c91d0998fa99ddc4987ef0f9.jpg
M20D_DEV_012,dev,val,V_P_I_1804,M20D_DEV_012.jpg,397,631,2548.889,84.591,1.0,/home/divya/projects/IndianANPR/data/processed/npds_leakage_safe/images/val/V_P_I_1804_jpg.rf.35d2b7bf0d0a4a16ad5e1a92d4cc93a1.jpg
M20D_DEV_013,dev,val,V_P_I_1820,M20D_DEV_013.jpg,257,139,5840.643,63.179,1.0,/home/divya/projects/IndianANPR/data/processed/npds_leakage_safe/images/val/V_P_I_1820_jpg.rf.821b2605b9517b55890c3ddfd3014fc7.jpg
M20D_DEV_014,dev,val,V_P_I_1825,M20D_DEV_014.jpg,262,144,976.961,92.306,1.0,/home/divya/projects/IndianANPR/data/processed/npds_leakage_safe/images/val/V_P_I_1825_jpg.rf.79f3217f22f69f663008d33cb015f317.jpg
M20D_DEV_015,dev,val,V_P_I_1894,M20D_DEV_015.jpg,320,66,887.742,68.668,1.0,/home/divya/projects/IndianANPR/data/processed/npds_leakage_safe/images/val/V_P_I_1894_jpg.rf.01386a1d39a46993b0c028f5c3a07321.jpg
M20D_DEV_016,dev,val,V_P_I_193,M20D_DEV_016.jpg,255,69,7004.864,63.287,1.0,/home/divya/projects/IndianANPR/data/processed/npds_leakage_safe/images/val/V_P_I_193_jpg.rf.19f95182f5b065a0d391fd258d5754c0.jpg
M20D_DEV_017,dev,val,V_P_I_1949,M20D_DEV_017.jpg,302,62,5442.905,71.999,1.0,/home/divya/projects/IndianANPR/data/processed/npds_leakage_safe/images/val/V_P_I_1949_jpg.rf.18a37bbd74b81cae4e0dadfcaade4f3d.jpg
M20D_DEV_018,dev,val,V_P_I_1950,M20D_DEV_018.jpg,204,68,1399.43,94.2,1.0,/home/divya/projects/IndianANPR/data/processed/npds_leakage_safe/images/val/V_P_I_1950_jpg.rf.2437797a764d636790bb58a5d5928afc.jpg
M20D_DEV_019,dev,val,V_P_I_1957,M20D_DEV_019.jpg,272,164,4417.523,101.747,1.0,/home/divya/projects/IndianANPR/data/processed/npds_leakage_safe/images/val/V_P_I_1957_jpg.rf.1aab733293621ca322b571e433234c06.jpg
M20D_DEV_020,dev,val,V_P_I_1987,M20D_DEV_020.jpg,186,181,3192.623,85.467,1.0,/home/divya/projects/IndianANPR/data/processed/npds_leakage_safe/images/val/V_P_I_1987_jpg.rf.ca7eb32f6a401c394fec742fbabe9297.jpg
M20D_DEV_021,dev,val,V_P_I_1994,M20D_DEV_021.jpg,193,159,840.873,83.102,1.0,/home/divya/projects/IndianANPR/data/processed/npds_leakage_safe/images/val/V_P_I_1994_jpg.rf.523a18cf3ef855dcb059f4be2d4af421.jpg
M20D_DEV_022,dev,val,V_P_I_1995,M20D_DEV_022.jpg,268,186,1512.195,72.934,1.0,/home/divya/projects/IndianANPR/data/processed/npds_leakage_safe/images/val/V_P_I_1995_jpg.rf.48b76c335fa90c67da74b3f91a6c48bc.jpg
M20D_DEV_023,dev,val,V_P_I_204,M20D_DEV_023.jpg,260,62,7994.871,83.309,1.0,/home/divya/projects/IndianANPR/data/processed/npds_leakage_safe/images/val/V_P_I_204_jpg.rf.56de0917a49b5d2b6af65b041aeeceef.jpg
M20D_DEV_024,dev,val,V_P_I_206,M20D_DEV_024.jpg,235,93,2570.048,95.413,1.0,/home/divya/projects/IndianANPR/data/processed/npds_leakage_safe/images/val/V_P_I_206_jpg.rf.6246067ae8031ffd4cb54ea93e2fa8ef.jpg
M20D_DEV_025,dev,val,V_P_I_2094,M20D_DEV_025.jpg,187,88,7186.975,78.18,1.0,/home/divya/projects/IndianANPR/data/processed/npds_leakage_safe/images/val/V_P_I_2094_jpg.rf.e5baacd5b0c426658221fa730e4be694.jpg
M20D_DEV_026,dev,val,V_P_I_2100,M20D_DEV_026.jpg,201,99,856.023,88.682,1.0,/home/divya/projects/IndianANPR/data/processed/npds_leakage_safe/images/val/V_P_I_2100_jpg.rf.2aeecc4f124613c95cde0e1c650bf636.jpg
M20D_DEV_027,dev,val,V_P_I_2152,M20D_DEV_027.jpg,256,113,4314.864,64.493,1.0,/home/divya/projects/IndianANPR/data/processed/npds_leakage_safe/images/val/V_P_I_2152_jpg.rf.4a827439ab6ca3615687fddc9a6957b8.jpg
M20D_DEV_028,dev,val,V_P_I_2163,M20D_DEV_028.jpg,284,63,2817.071,75.183,1.0,/home/divya/projects/IndianANPR/data/processed/npds_leakage_safe/images/val/V_P_I_2163_jpg.rf.34548f187311840e3c948bc7fb1b4d90.jpg
M20D_DEV_029,dev,val,V_P_I_2169,M20D_DEV_029.jpg,253,102,1089.378,73.239,1.0,/home/divya/projects/IndianANPR/data/processed/npds_leakage_safe/images/val/V_P_I_2169_jpg.rf.3bd210d08814491b923f989a8e381463.jpg
M20D_DEV_030,dev,val,V_P_I_2183,M20D_DEV_030.jpg,221,99,2593.845,67.716,1.0,/home/divya/projects/IndianANPR/data/processed/npds_leakage_safe/images/val/V_P_I_2183_jpg.rf.638b29fa14315571b8f80fda3d5c1739.jpg
M20D_TEST_001,test,test,V_P_I_1053,M20D_TEST_001.jpg,286,200,6605.313,83.462,1.0,/home/divya/projects/IndianANPR/data/processed/npds_leakage_safe/images/test/V_P_I_1053_jpg.rf.28ba263c59e56698f73aaadaa092834b.jpg
M20D_TEST_002,test,test,V_P_I_1120,M20D_TEST_002.jpg,215,80,1689.977,88.261,1.0,/home/divya/projects/IndianANPR/data/processed/npds_leakage_safe/images/test/V_P_I_1120_jpg.rf.3463fd0dcdf86aa5b5a5abeb9dd20b75.jpg
M20D_TEST_003,test,test,V_P_I_153,M20D_TEST_003.jpg,250,66,5982.071,94.877,1.0,/home/divya/projects/IndianANPR/data/processed/npds_leakage_safe/images/test/V_P_I_153_jpg.rf.88badba2e9b9a6143f7528b398ca6aff.jpg
M20D_TEST_004,test,test,V_P_I_172,M20D_TEST_004.jpg,244,80,6436.899,71.506,1.0,/home/divya/projects/IndianANPR/data/processed/npds_leakage_safe/images/test/V_P_I_172_jpg.rf.5f9387d86b4316d13f8454d135e8ff9d.jpg
M20D_TEST_005,test,test,V_P_I_1759,M20D_TEST_005.jpg,199,282,5473.943,85.696,1.0,/home/divya/projects/IndianANPR/data/processed/npds_leakage_safe/images/test/V_P_I_1759_jpg.rf.5fd5196ec893ac17472ce215904dbdcc.jpg
M20D_TEST_006,test,test,V_P_I_175,M20D_TEST_006.jpg,259,66,3224.104,90.3,1.0,/home/divya/projects/IndianANPR/data/processed/npds_leakage_safe/images/test/V_P_I_175_jpg.rf.cf5cc55c9a3c1003007ba8ca076afe45.jpg
M20D_TEST_007,test,test,V_P_I_1791,M20D_TEST_007.jpg,189,217,5306.194,81.995,1.0,/home/divya/projects/IndianANPR/data/processed/npds_leakage_safe/images/test/V_P_I_1791_jpg.rf.375c72411398c348ce5577dd652c527f.jpg
M20D_TEST_008,test,test,V_P_I_1797,M20D_TEST_008.jpg,202,144,2167.264,71.628,1.0,/home/divya/projects/IndianANPR/data/processed/npds_leakage_safe/images/test/V_P_I_1797_jpg.rf.ef78ac8e4158c5faebc54c0335344e73.jpg
M20D_TEST_009,test,test,V_P_I_1808,M20D_TEST_009.jpg,269,306,2912.77,94.08,1.0,/home/divya/projects/IndianANPR/data/processed/npds_leakage_safe/images/test/V_P_I_1808_jpg.rf.22235faa7c2511eb10549ca34b07472f.jpg
M20D_TEST_010,test,test,V_P_I_1824,M20D_TEST_010.jpg,375,328,3832.408,74.498,1.0,/home/divya/projects/IndianANPR/data/processed/npds_leakage_safe/images/test/V_P_I_1824_jpg.rf.a44d7a196c75608c68063061416e926c.jpg
M20D_TEST_011,test,test,V_P_I_183,M20D_TEST_011.jpg,212,84,6658.583,71.816,1.0,/home/divya/projects/IndianANPR/data/processed/npds_leakage_safe/images/test/V_P_I_183_jpg.rf.192fad1c37c458d0809ecd8c010f2a21.jpg
M20D_TEST_012,test,test,V_P_I_1873,M20D_TEST_012.jpg,235,88,2297.737,78.053,1.0,/home/divya/projects/IndianANPR/data/processed/npds_leakage_safe/images/test/V_P_I_1873_jpg.rf.d818a7f09be8c2cdd7f7402a650cb8c9.jpg
M20D_TEST_013,test,test,V_P_I_1882,M20D_TEST_013.jpg,469,85,6866.658,60.729,1.0,/home/divya/projects/IndianANPR/data/processed/npds_leakage_safe/images/test/V_P_I_1882_jpg.rf.aa1d8e7d924f4a1af77b6d5048f13cf0.jpg
M20D_TEST_014,test,test,V_P_I_1883,M20D_TEST_014.jpg,234,118,3120.992,66.642,1.0,/home/divya/projects/IndianANPR/data/processed/npds_leakage_safe/images/test/V_P_I_1883_jpg.rf.3a608382e658b4eb5642a216cf9b489a.jpg
M20D_TEST_015,test,test,V_P_I_1926,M20D_TEST_015.jpg,195,110,2401.362,81.442,1.0,/home/divya/projects/IndianANPR/data/processed/npds_leakage_safe/images/test/V_P_I_1926_jpg.rf.a4036c816b050975b38934bc64acbe7a.jpg
