sample_id,benchmark_split,source_id,ground_truth,status,annotation_source
M20D_DEV_001,dev,V_P_I_1034,GJ1MH1256,VERIFIED,manual_visual
M20D_DEV_002,dev,V_P_I_1166,,UNREADABLE,manual_visual
M20D_DEV_003,dev,V_P_I_123,GJ01HZ7753,VERIFIED,manual_visual
M20D_DEV_004,dev,V_P_I_138,GJ01HR7923,VERIFIED,manual_visual
M20D_DEV_005,dev,V_P_I_146,GJ01KC6795,VERIFIED,manual_visual
M20D_DEV_006,dev,V_P_I_160,,UNREADABLE,manual_visual
M20D_DEV_007,dev,V_P_I_164,GJ01KS8889,VERIFIED,manual_visual
M20D_DEV_008,dev,V_P_I_1727,GJ18AM0710,VERIFIED,manual_visual
M20D_DEV_009,dev,V_P_I_1750,GJ18CC3416,VERIFIED,manual_visual
M20D_DEV_010,dev,V_P_I_1768,GJ06LS2612,VERIFIED,manual_visual
M20D_DEV_011,dev,V_P_I_1770,DL7CK5810,VERIFIED,manual_visual
M20D_DEV_012,dev,V_P_I_1804,GJ18BR6482,VERIFIED,manual_visual
M20D_DEV_013,dev,V_P_I_1820,GJ01HR2568,VERIFIED,manual_visual
M20D_DEV_014,dev,V_P_I_1825,GJ18CE1780,VERIFIED,manual_visual
M20D_DEV_015,dev,V_P_I_1894,GJ01KA1292,VERIFIED,manual_visual
M20D_DEV_016,dev,V_P_I_193,GJ01KG9078,VERIFIED,manual_visual
M20D_DEV_017,dev,V_P_I_1949,GJ32B9891,VERIFIED,manual_visual
M20D_DEV_018,dev,V_P_I_1950,GJ18EA4694,VERIFIED,manual_visual
M20D_DEV_019,dev,V_P_I_1957,GJ18AQ9782,VERIFIED,manual_visual
M20D_DEV_020,dev,V_P_I_1987,GJ27AJ8890,VERIFIED,manual_visual
M20D_DEV_021,dev,V_P_I_1994,GJ01VM1321,VERIFIED,manual_visual
M20D_DEV_022,dev,V_P_I_1995,RJ12SU6264,VERIFIED,manual_visual
M20D_DEV_023,dev,V_P_I_204,GJ01HN1597,VERIFIED,manual_visual
M20D_DEV_024,dev,V_P_I_206,GJ18AH6162,VERIFIED,manual_visual
M20D_DEV_025,dev,V_P_I_2094,GJ18HL8751,VERIFIED,manual_visual
M20D_DEV_026,dev,V_P_I_2100,GJ01SO2392,VERIFIED,manual_visual
M20D_DEV_027,dev,V_P_I_2152,GJ32AE0886,VERIFIED,manual_visual
M20D_DEV_028,dev,V_P_I_2163,,UNREADABLE,manual_visual
M20D_DEV_029,dev,V_P_I_2169,GJ27AC5210,VERIFIED,manual_visual
M20D_DEV_030,dev,V_P_I_2183,,UNREADABLE,manual_visual
M20D_TEST_001,test,V_P_I_1053,GJ18DR9563,VERIFIED,manual_visual
M20D_TEST_002,test,V_P_I_1120,GJ01WP7838,VERIFIED,manual_visual
M20D_TEST_003,test,V_P_I_153,GJ01KD7907,VERIFIED,manual_visual
M20D_TEST_004,test,V_P_I_172,GJ01KA6709,VERIFIED,manual_visual
M20D_TEST_005,test,V_P_I_1759,GJ18FA4573,VERIFIED,manual_visual
M20D_TEST_006,test,V_P_I_175,GJ01HQ8687,VERIFIED,manual_visual
M20D_TEST_007,test,V_P_I_1791,GJ06AG9604,VERIFIED,manual_visual
M20D_TEST_008,test,V_P_I_1797,GJ24AM5396,VERIFIED,manual_visual
M20D_TEST_009,test,V_P_I_1808,GJ18BG2430,VERIFIED,manual_visual
M20D_TEST_010,test,V_P_I_1824,GJ01KR6975,VERIFIED,manual_visual
M20D_TEST_011,test,V_P_I_183,GJ01KP7578,VERIFIED,manual_visual
M20D_TEST_012,test,V_P_I_1873,GJ18BS0467,VERIFIED,manual_visual
M20D_TEST_013,test,V_P_I_1882,GJ01KP1709,VERIFIED,manual_visual
M20D_TEST_014,test,V_P_I_1883,GJ18BD2359,VERIFIED,manual_visual
M20D_TEST_015,test,V_P_I_1926,,UNREADABLE,manual_visual
