track_id,frame,rank,variant,raw_prediction,parsed_candidate,correction_cost,removed_characters,ocr_confidence,latency_ms
108,264,1,upscaled,WWIL,,-1,999,0.906848,117.905
108,264,1,clahe,WWILE,,-1,999,0.933153,58.026
108,264,1,sharpened,WWILE,,-1,999,0.936111,55.234
108,264,1,threshold,4VWI,,-1,999,0.632752,79.241
108,288,2,upscaled,AP31AE7144,AP31AE7144,0,0,0.893949,77.05
108,288,2,clahe,AP31AE7144,AP31AE7144,0,0,0.887144,59.753
108,288,2,sharpened,AP31AE7144,AP31AE7144,0,0,0.892395,46.937
108,288,2,threshold,AET1JJ,,-1,999,0.586315,54.456
108,294,3,upscaled,AFT14,,-1,999,0.769449,58.088
108,294,3,clahe,,,-1,999,0.0,20.342
108,294,3,sharpened,,,-1,999,0.0,28.399
108,294,3,threshold,,,-1,999,0.0,21.287
108,238,4,upscaled,INDIACO,,-1,999,0.994868,88.059
108,238,4,clahe,INDIACO,,-1,999,0.994086,73.944
108,238,4,sharpened,INDIACO,,-1,999,0.989053,82.173
108,238,4,threshold,MDIAC,,-1,999,0.968129,90.412
108,275,5,upscaled,P3A57144,,-1,999,0.783952,57.248
108,275,5,clahe,31AE7144,,-1,999,0.781303,25.516
108,275,5,sharpened,AP3AE7144,,-1,999,0.709527,27.859
108,275,5,threshold,I,,-1,999,0.509943,25.489
123,289,1,upscaled,AHSOAE7144,,-1,999,0.809905,33.183
123,289,1,clahe,AE7144,,-1,999,0.996505,27.696
123,289,1,sharpened,AHSOAE7144,,-1,999,0.849996,39.023
123,289,1,threshold,AETIJJ,,-1,999,0.652486,25.037
123,294,2,upscaled,AFT14,,-1,999,0.769449,40.837
123,294,2,clahe,,,-1,999,0.0,27.0
123,294,2,sharpened,,,-1,999,0.0,26.561
123,294,2,threshold,,,-1,999,0.0,23.988
123,304,3,upscaled,,,-1,999,0.0,29.348
123,304,3,clahe,,,-1,999,0.0,21.399
123,304,3,sharpened,,,-1,999,0.0,11.861
123,304,3,threshold,,,-1,999,0.0,12.293
150,339,1,upscaled,IAE7144,,-1,999,0.87368,37.425
150,339,1,clahe,AP3AE7144,,-1,999,0.832765,23.533
150,339,1,sharpened,AAE7144,,-1,999,0.880977,30.589
150,339,1,threshold,AF7144,,-1,999,0.800841,45.673
252,748,1,upscaled,,,-1,999,0.0,290.299
252,748,1,clahe,,,-1,999,0.0,295.454
252,748,1,sharpened,,,-1,999,0.0,271.979
252,748,1,threshold,1,,-1,999,0.230741,285.532
252,743,2,upscaled,,,-1,999,0.0,288.32
252,743,2,clahe,WH,,-1,999,0.446947,311.134
252,743,2,sharpened,,,-1,999,0.0,280.376
252,743,2,threshold,,,-1,999,0.0,310.006
252,651,3,upscaled,LDFILMSINDIACOM,,-1,999,0.969875,115.359
252,651,3,clahe,LDFILMSINDIACOM,,-1,999,0.972565,118.325
252,651,3,sharpened,LDFILMSINDIACOM,,-1,999,0.967329,122.752
252,651,3,threshold,DFILMSINDIACOM,,-1,999,0.966112,136.148
252,624,4,upscaled,DFILMSINDIACOM,,-1,999,0.967748,211.477
252,624,4,clahe,DFILMSINDIACOM,,-1,999,0.960581,197.883
252,624,4,sharpened,DFILMSINDIACOM,,-1,999,0.955243,183.415
252,624,4,threshold,FILMSINDIACOM,,-1,999,0.933808,193.102
