sample_id,ground_truth,easy_prediction,easy_edit_distance,easy_issue,paddle_prediction,paddle_edit_distance,paddle_issue,winner
M20D_DEV_001,GJ1MH1256,1236OKH,8,MAJOR_ERROR,GJ1MH56,2,NEAR_MATCH,PaddleOCR
M20D_DEV_003,GJ01HZ7753,6JO1HZ7753,2,SAME_LENGTH_CHAR_ERRORS,INDGJ01HZ7753,3,GT_WITH_EXTRA_TEXT,EasyOCR
M20D_DEV_004,GJ01HR7923,6J01IHR7923,2,NEAR_MATCH,INDGJ01HR7923,3,GT_WITH_EXTRA_TEXT,EasyOCR
M20D_DEV_005,GJ01KC6795,36WC,9,MAJOR_ERROR,61908,9,MAJOR_ERROR,Tie
M20D_DEV_007,GJ01KS8889,BF0704KZEBED,10,MAJOR_ERROR,C70JK28888,5,SAME_LENGTH_CHAR_ERRORS,PaddleOCR
M20D_DEV_008,GJ18AM0710,6978AHU7HU,7,SAME_LENGTH_CHAR_ERRORS,GJ18AM0710,0,EXACT,PaddleOCR
M20D_DEV_009,GJ18CC3416,3SA,9,MAJOR_ERROR,,10,NO_TEXT,EasyOCR
M20D_DEV_010,GJ06LS2612,KLA52JA0LB,10,SAME_LENGTH_CHAR_ERRORS,SRSEEEIE,10,MAJOR_ERROR,Tie
M20D_DEV_011,DL7CK5810,OL8SMJLT8,8,SAME_LENGTH_CHAR_ERRORS,1,8,MAJOR_ERROR,Tie
M20D_DEV_012,GJ18BR6482,1,9,MAJOR_ERROR,S84088110,10,MAJOR_ERROR,EasyOCR
M20D_DEV_013,GJ01HR2568,LE9SZHHEOCG,10,MAJOR_ERROR,891500359,9,MAJOR_ERROR,PaddleOCR
M20D_DEV_014,GJ18CE1780,2C72,8,MAJOR_ERROR,,10,NO_TEXT,EasyOCR
M20D_DEV_015,GJ01KA1292,GJO1K41292,2,SAME_LENGTH_CHAR_ERRORS,DGJ01KA1292,1,GT_WITH_EXTRA_TEXT,PaddleOCR
M20D_DEV_016,GJ01KG9078,D0TKCAO8,7,MAJOR_ERROR,0001K00018,5,SAME_LENGTH_CHAR_ERRORS,PaddleOCR
M20D_DEV_017,GJ32B9891,FAGAASEL,9,MAJOR_ERROR,30010000,9,MAJOR_ERROR,Tie
M20D_DEV_018,GJ18EA4694,6JTS44694,5,MAJOR_ERROR,GJ18EA4694,0,EXACT,PaddleOCR
M20D_DEV_019,GJ18AQ9782,523,10,MAJOR_ERROR,,10,NO_TEXT,Tie
M20D_DEV_020,GJ27AJ8890,AJBBIU6327,9,SAME_LENGTH_CHAR_ERRORS,AJ8890GJ27,8,CHAR_ORDER_ERROR,PaddleOCR
M20D_DEV_021,GJ01VM1321,T6JTWV4,9,MAJOR_ERROR,,10,NO_TEXT,EasyOCR
M20D_DEV_022,RJ12SU6264,B1IA7ESI,9,MAJOR_ERROR,,10,NO_TEXT,EasyOCR
M20D_DEV_023,GJ01HN1597,6J01HM597,3,MAJOR_ERROR,NDGJ01HN1597,2,GT_WITH_EXTRA_TEXT,PaddleOCR
M20D_DEV_024,GJ18AH6162,118VHE1AS,6,MAJOR_ERROR,NOCJ8AH6J81,7,MAJOR_ERROR,EasyOCR
M20D_DEV_025,GJ18HL8751,7E812,9,MAJOR_ERROR,1258881,7,MAJOR_ERROR,PaddleOCR
M20D_DEV_026,GJ01SO2392,CIQE,10,MAJOR_ERROR,,10,NO_TEXT,Tie
M20D_DEV_027,GJ32AE0886,OTCXELREE,9,MAJOR_ERROR,E0886,5,MAJOR_ERROR,PaddleOCR
M20D_DEV_029,GJ27AC5210,,10,NO_TEXT,,10,NO_TEXT,Tie
