track_id,rank,frame,vehicle,filename,raw_text,text,ocr_confidence,variant,valid_format,correction_cost,quality_score,plate_confidence,score
1,1,2,car,track_0001_rank_1_frame_00002_score_0.549.jpg,XRAT,XRAT,0.21286641061306,threshold,False,-1,0.5487,0.7932,0.21286641061306
2,1,14,bus,track_0002_rank_1_frame_00014_score_0.721.jpg,COM,COM,0.9690342563893994,threshold,False,-1,0.7208,0.6718,0.9690342563893994
2,2,98,bus,track_0002_rank_2_frame_00098_score_0.474.jpg,M7F77EHT,M7F77EHT,0.10957504649240501,threshold,False,-1,0.4736,0.6547,0.10957504649240501
2,3,126,car,track_0002_rank_3_frame_00126_score_0.452.jpg,,,0.0,none,False,-1,0.4523,0.5014,0.0
2,4,76,bus,track_0002_rank_4_frame_00076_score_0.332.jpg,756,756,0.163802039109374,clahe,False,-1,0.3319,0.4806,0.163802039109374
4,1,30,truck,track_0004_rank_1_frame_00030_score_0.527.jpg,,,0.0,none,False,-1,0.5274,0.6445,0.0
4,2,41,truck,track_0004_rank_2_frame_00041_score_0.522.jpg,,,0.0,none,False,-1,0.5223,0.67,0.0
4,3,66,bus,track_0004_rank_3_frame_00066_score_0.510.jpg,,,0.0,none,False,-1,0.5096,0.709,0.0
4,4,61,bus,track_0004_rank_4_frame_00061_score_0.443.jpg,,,0.0,none,False,-1,0.4426,0.5807,0.0
4,5,6,bus,track_0004_rank_5_frame_00006_score_0.356.jpg,G4NJ,G4NJ,0.054928429424762726,threshold,False,-1,0.3564,0.4516,0.054928429424762726
5,1,90,car,track_0005_rank_1_frame_00090_score_0.478.jpg,,,0.0,none,False,-1,0.4781,0.7149,0.0
5,2,63,car,track_0005_rank_2_frame_00063_score_0.458.jpg,,,0.0,none,False,-1,0.4583,0.6419,0.0
5,3,48,car,track_0005_rank_3_frame_00048_score_0.390.jpg,,,0.0,none,False,-1,0.3895,0.435,0.0
14,1,12,truck,track_0014_rank_1_frame_00012_score_0.720.jpg,COM,COM,0.9400624335164409,clahe,False,-1,0.7196,0.6772,0.9400624335164409
15,1,13,truck,track_0015_rank_1_frame_00013_score_0.391.jpg,C6,C6,0.29350230432486,threshold,False,-1,0.3911,0.5288,0.29350230432486
17,1,22,car,track_0017_rank_1_frame_00022_score_0.471.jpg,1S,1S,0.012802042352993282,threshold,False,-1,0.471,0.6548,0.012802042352993282
17,2,34,car,track_0017_rank_2_frame_00034_score_0.461.jpg,,,0.0,none,False,-1,0.4614,0.4643,0.0
17,3,29,car,track_0017_rank_3_frame_00029_score_0.439.jpg,7,7,0.8119397103419921,threshold,False,-1,0.4385,0.6283,0.8119397103419921
84,1,175,car,track_0084_rank_1_frame_00175_score_0.474.jpg,,,0.0,none,False,-1,0.4737,0.573,0.0
84,2,182,car,track_0084_rank_2_frame_00182_score_0.450.jpg,,,0.0,none,False,-1,0.4499,0.5043,0.0
84,3,166,truck,track_0084_rank_3_frame_00166_score_0.414.jpg,,,0.0,none,False,-1,0.4137,0.4598,0.0
97,1,237,motorcycle,track_0097_rank_1_frame_00237_score_0.405.jpg,,,0.0,none,False,-1,0.4054,0.4674,0.0
108,1,264,motorcycle,track_0108_rank_1_frame_00264_score_0.777.jpg,IWI,IWI,0.9607320524898352,gray,False,-1,0.7772,0.7407,0.9607320524898352
108,2,288,motorcycle,track_0108_rank_2_frame_00288_score_0.765.jpg,AE7144,AE7144,0.9566052609038419,threshold,False,-1,0.7652,0.8655,0.9566052609038419
108,3,294,motorcycle,track_0108_rank_3_frame_00294_score_0.742.jpg,NNA,NNA,0.5615739498480986,sharpened,False,-1,0.7421,0.8474,0.5615739498480986
108,4,238,motorcycle,track_0108_rank_4_frame_00238_score_0.723.jpg,ICO,ICO,0.9902081022225189,original,False,-1,0.7235,0.726,0.9902081022225189
108,5,275,motorcycle,track_0108_rank_5_frame_00275_score_0.687.jpg,4,4,0.764988748348717,clahe,False,-1,0.6867,0.8798,0.764988748348717
121,1,293,motorcycle,track_0121_rank_1_frame_00293_score_0.513.jpg,,,0.0,none,False,-1,0.5129,0.7167,0.0
121,2,283,motorcycle,track_0121_rank_2_frame_00283_score_0.340.jpg,F,F,0.7851628478521242,threshold,False,-1,0.3401,0.4392,0.7851628478521242
123,1,289,motorcycle,track_0123_rank_1_frame_00289_score_0.783.jpg,WJAE7144,WJAE7144,0.698473000543517,threshold,False,-1,0.783,0.8748,0.698473000543517
123,2,294,motorcycle,track_0123_rank_2_frame_00294_score_0.750.jpg,NNA,NNA,0.5615739498480986,sharpened,False,-1,0.7498,0.8613,0.5615739498480986
123,3,304,motorcycle,track_0123_rank_3_frame_00304_score_0.673.jpg,V,V,0.998346297728304,sharpened,False,-1,0.6729,0.7647,0.998346297728304
126,1,341,motorcycle,track_0126_rank_1_frame_00341_score_0.624.jpg,,,0.0,none,False,-1,0.6243,0.8528,0.0
126,2,325,motorcycle,track_0126_rank_2_frame_00325_score_0.622.jpg,,,0.0,none,False,-1,0.6216,0.8513,0.0
126,3,331,motorcycle,track_0126_rank_3_frame_00331_score_0.621.jpg,,,0.0,none,False,-1,0.6209,0.852,0.0
126,4,317,motorcycle,track_0126_rank_4_frame_00317_score_0.608.jpg,,,0.0,none,False,-1,0.6078,0.8325,0.0
126,5,303,motorcycle,track_0126_rank_5_frame_00303_score_0.568.jpg,,,0.0,none,False,-1,0.5676,0.7923,0.0
131,1,310,car,track_0131_rank_1_frame_00310_score_0.456.jpg,65,65,0.31472752111349733,threshold,False,-1,0.4564,0.5969,0.31472752111349733
150,1,339,car,track_0150_rank_1_frame_00339_score_0.616.jpg,V7,V7,0.9079170447470208,threshold,False,-1,0.6161,0.7901,0.9079170447470208
155,1,353,car,track_0155_rank_1_frame_00353_score_0.582.jpg,,,0.0,none,False,-1,0.5819,0.76,0.0
170,1,509,car,track_0170_rank_1_frame_00509_score_0.879.jpg,,,0.0,none,False,-1,0.8793,0.799,0.0
170,2,448,car,track_0170_rank_2_frame_00448_score_0.766.jpg,,,0.0,none,False,-1,0.7656,0.7775,0.0
170,3,441,car,track_0170_rank_3_frame_00441_score_0.758.jpg,,,0.0,none,False,-1,0.7584,0.8052,0.0
170,4,489,car,track_0170_rank_4_frame_00489_score_0.751.jpg,,,0.0,none,False,-1,0.7508,0.7652,0.0
170,5,430,car,track_0170_rank_5_frame_00430_score_0.706.jpg,,,0.0,none,False,-1,0.7061,0.6496,0.0
171,1,578,car,track_0171_rank_1_frame_00578_score_0.569.jpg,HAJB3,HAJB3,0.012403012153126797,threshold,False,-1,0.5687,0.6475,0.012403012153126797
171,2,583,car,track_0171_rank_2_frame_00583_score_0.509.jpg,,,0.0,none,False,-1,0.5088,0.5455,0.0
171,3,455,car,track_0171_rank_3_frame_00455_score_0.493.jpg,XM,XM,0.15424317107144425,threshold,False,-1,0.4933,0.5842,0.15424317107144425
171,4,546,car,track_0171_rank_4_frame_00546_score_0.490.jpg,JQEZ,JQEZ,0.20714378356933594,threshold,False,-1,0.4901,0.5461,0.20714378356933594
171,5,555,car,track_0171_rank_5_frame_00555_score_0.476.jpg,K3I,K3I,0.014245156527814938,threshold,False,-1,0.4764,0.5216,0.014245156527814938
172,1,366,truck,track_0172_rank_1_frame_00366_score_0.656.jpg,C,C,0.115903759827237,sharpened,False,-1,0.6562,0.5029,0.115903759827237
232,1,525,car,track_0232_rank_1_frame_00525_score_0.448.jpg,N3,N3,0.0880876266044568,threshold,False,-1,0.4482,0.4865,0.0880876266044568
232,2,532,truck,track_0232_rank_2_frame_00532_score_0.423.jpg,,,0.0,none,False,-1,0.4231,0.4519,0.0
233,1,611,motorcycle,track_0233_rank_1_frame_00611_score_0.793.jpg,SI,SI,0.9995381017909194,sharpened,False,-1,0.7925,0.7841,0.9995381017909194
233,2,618,motorcycle,track_0233_rank_2_frame_00618_score_0.770.jpg,SII,SII,0.9426882610569034,gray,False,-1,0.7701,0.786,0.9426882610569034
233,3,603,motorcycle,track_0233_rank_3_frame_00603_score_0.730.jpg,IC,IC,0.9912856696062454,original,False,-1,0.73,0.6807,0.9912856696062454
233,4,592,motorcycle,track_0233_rank_4_frame_00592_score_0.639.jpg,J1,J1,0.6387039527265461,threshold,False,-1,0.6391,0.5461,0.6387039527265461
241,1,577,truck,track_0241_rank_1_frame_00577_score_0.470.jpg,JK,JK,0.11792423308759686,threshold,False,-1,0.4703,0.4925,0.11792423308759686
252,1,748,bus,track_0252_rank_1_frame_00748_score_0.820.jpg,E3,E3,0.29314904960357646,threshold,False,-1,0.8197,0.8544,0.29314904960357646
252,2,743,bus,track_0252_rank_2_frame_00743_score_0.801.jpg,3EE,3EE,0.7526517193173241,threshold,False,-1,0.8011,0.8064,0.7526517193173241
252,3,651,bus,track_0252_rank_3_frame_00651_score_0.736.jpg,IFIMSIN1CM,IFIMSIN1CM,0.5006326228347561,sharpened,False,-1,0.7362,0.7342,0.5006326228347561
252,4,624,bus,track_0252_rank_4_frame_00624_score_0.726.jpg,JFIMSIICOM,JFIMSIICOM,0.7876988330805167,gray,False,-1,0.7261,0.7548,0.7876988330805167
252,5,661,bus,track_0252_rank_5_frame_00661_score_0.697.jpg,APIIZ3837,AP11Z3837,0.9023951732551936,clahe,True,2,0.6974,0.7926,1.1423951732551936
253,1,631,motorcycle,track_0253_rank_1_frame_00631_score_0.672.jpg,,,0.0,none,False,-1,0.672,0.7645,0.0
253,2,636,motorcycle,track_0253_rank_2_frame_00636_score_0.526.jpg,,,0.0,none,False,-1,0.5265,0.5056,0.0
255,1,632,motorcycle,track_0255_rank_1_frame_00632_score_0.653.jpg,,,0.0,none,False,-1,0.6534,0.7451,0.0
255,2,626,motorcycle,track_0255_rank_2_frame_00626_score_0.631.jpg,,,0.0,none,False,-1,0.6315,0.719,0.0
258,1,879,motorcycle,track_0258_rank_1_frame_00879_score_0.763.jpg,JCM,JCM,0.7555769932412673,clahe,False,-1,0.763,0.7561,0.7555769932412673
258,2,866,motorcycle,track_0258_rank_2_frame_00866_score_0.735.jpg,,,0.0,none,False,-1,0.735,0.7161,0.0
258,3,886,motorcycle,track_0258_rank_3_frame_00886_score_0.724.jpg,ICO,ICO,0.941552321051633,sharpened,False,-1,0.7235,0.7,0.941552321051633
258,4,830,motorcycle,track_0258_rank_4_frame_00830_score_0.713.jpg,1,1,0.5228366377328513,threshold,False,-1,0.7128,0.789,0.5228366377328513
258,5,824,motorcycle,track_0258_rank_5_frame_00824_score_0.703.jpg,,,0.0,none,False,-1,0.7031,0.7997,0.0
277,1,885,bus,track_0277_rank_1_frame_00885_score_0.657.jpg,,,0.0,none,False,-1,0.6571,0.6012,0.0
277,2,879,bus,track_0277_rank_2_frame_00879_score_0.610.jpg,,,0.0,none,False,-1,0.6099,0.5417,0.0
279,1,835,motorcycle,track_0279_rank_1_frame_00835_score_0.706.jpg,11,11,0.9999256537687161,threshold,False,-1,0.706,0.8332,0.9999256537687161
282,1,1069,motorcycle,track_0282_rank_1_frame_01069_score_0.547.jpg,,,0.0,none,False,-1,0.5468,0.7369,0.0
282,2,1079,motorcycle,track_0282_rank_2_frame_01079_score_0.510.jpg,,,0.0,none,False,-1,0.5098,0.6837,0.0
282,3,1106,motorcycle,track_0282_rank_3_frame_01106_score_0.485.jpg,,,0.0,none,False,-1,0.4848,0.6874,0.0
282,4,1092,motorcycle,track_0282_rank_4_frame_01092_score_0.465.jpg,,,0.0,none,False,-1,0.4645,0.6512,0.0
282,5,1111,motorcycle,track_0282_rank_5_frame_01111_score_0.439.jpg,,,0.0,none,False,-1,0.4391,0.6088,0.0
284,1,1100,car,track_0284_rank_1_frame_01100_score_0.751.jpg,W,W,0.9995626689417101,sharpened,False,-1,0.7509,0.7873,0.9995626689417101
284,2,1105,car,track_0284_rank_2_frame_01105_score_0.727.jpg,WW,WW,0.9737820398219285,sharpened,False,-1,0.7268,0.7518,0.9737820398219285
