sample_id,video,timestamp_sec,visible_plates,detections,true_positives,false_positives,false_negatives,categories
M18_0014,traffic_baseline.mp4,6.506,0,1,0,1,0,pure_hard_negative
M18_0021,traffic_baseline.mp4,10.01,1,1,0,1,1,mixed_false_positive;false_negative_positive_candidate
M18_0022,traffic_baseline.mp4,10.511,1,1,0,1,1,mixed_false_positive;false_negative_positive_candidate
M18_0023,traffic_baseline.mp4,11.011,1,0,0,0,1,false_negative_positive_candidate
M18_0024,traffic_baseline.mp4,11.511,1,0,0,0,1,false_negative_positive_candidate
M18_0029,traffic_baseline.mp4,14.014,1,0,0,0,1,false_negative_positive_candidate
M18_0030,traffic_baseline.mp4,14.514,1,0,0,0,1,false_negative_positive_candidate
M18_0031,traffic_baseline.mp4,15.015,1,0,0,0,1,false_negative_positive_candidate
M18_0032,traffic_baseline.mp4,15.515,1,0,0,0,1,false_negative_positive_candidate
M18_0033,traffic_baseline.mp4,16.016,1,0,0,0,1,false_negative_positive_candidate
M18_0034,traffic_baseline.mp4,16.517,1,0,0,0,1,false_negative_positive_candidate
M18_0035,traffic_baseline.mp4,16.984,1,0,0,0,1,false_negative_positive_candidate
M18_0036,traffic_baseline.mp4,17.484,1,1,0,1,1,mixed_false_positive;false_negative_positive_candidate
M18_0037,traffic_baseline.mp4,17.985,1,0,0,0,1,false_negative_positive_candidate
M18_0039,traffic_baseline.mp4,18.986,1,0,0,0,1,false_negative_positive_candidate
M18_0043,traffic_baseline.mp4,20.988,1,2,1,1,0,mixed_false_positive
M18_0044,traffic_baseline.mp4,21.488,3,0,0,0,3,false_negative_positive_candidate
M18_0045,traffic_baseline.mp4,21.989,2,1,1,0,1,false_negative_positive_candidate
M18_0046,traffic_baseline.mp4,22.489,1,0,0,0,1,false_negative_positive_candidate
M18_0047,traffic_baseline.mp4,22.99,1,0,0,0,1,false_negative_positive_candidate
M18_0048,traffic_baseline.mp4,23.49,1,0,0,0,1,false_negative_positive_candidate
M18_0079,traffic_ocr.mp4,11.52,1,0,0,0,1,false_negative_positive_candidate
M18_0083,traffic_ocr.mp4,13.52,1,1,0,1,1,mixed_false_positive;false_negative_positive_candidate
M18_0084,traffic_ocr.mp4,14.0,1,0,0,0,1,false_negative_positive_candidate
M18_0090,traffic_ocr.mp4,17.0,2,1,1,0,1,false_negative_positive_candidate
M18_0092,traffic_ocr.mp4,18.0,2,2,1,1,1,mixed_false_positive;false_negative_positive_candidate
M18_0102,traffic_ocr.mp4,23.0,0,1,0,1,0,pure_hard_negative
M18_0112,traffic_ocr.mp4,28.0,1,0,0,0,1,false_negative_positive_candidate
M18_0113,traffic_ocr.mp4,28.48,1,0,0,0,1,false_negative_positive_candidate
M18_0114,traffic_ocr.mp4,29.0,1,0,0,0,1,false_negative_positive_candidate
M18_0119,traffic_ocr.mp4,31.52,1,0,0,0,1,false_negative_positive_candidate
M18_0120,traffic_ocr.mp4,32.0,1,0,0,0,1,false_negative_positive_candidate
M18_0123,traffic_ocr.mp4,33.52,1,0,0,0,1,false_negative_positive_candidate
M18_0127,traffic_ocr.mp4,35.52,2,1,1,0,1,false_negative_positive_candidate
M18_0132,traffic_ocr.mp4,38.0,1,0,0,0,1,false_negative_positive_candidate
M18_0138,traffic_ocr.mp4,41.0,1,0,0,0,1,false_negative_positive_candidate
M18_0144,traffic_ocr.mp4,44.0,2,0,0,0,2,false_negative_positive_candidate
M18_0145,traffic_ocr.mp4,44.48,1,0,0,0,1,false_negative_positive_candidate
