track_id,rank,vehicle,frame,quality_score,plate_confidence,sharpness,contrast,width,height,filename
1,1,car,2,0.5487,0.7932,260.02,17.5,76,28,track_0001_rank_1_frame_00002_score_0.549.jpg
4,1,truck,30,0.5274,0.6445,374.47,31.38,76,42,track_0004_rank_1_frame_00030_score_0.527.jpg
4,2,truck,41,0.5223,0.67,329.11,32.64,73,34,track_0004_rank_2_frame_00041_score_0.522.jpg
4,3,bus,66,0.5096,0.709,289.57,22.96,62,28,track_0004_rank_3_frame_00066_score_0.510.jpg
4,4,bus,61,0.4426,0.5807,278.37,24.85,64,30,track_0004_rank_4_frame_00061_score_0.443.jpg
4,5,bus,6,0.3564,0.4516,385.35,14.18,40,16,track_0004_rank_5_frame_00006_score_0.356.jpg
2,1,bus,14,0.7208,0.6718,177.52,46.06,295,116,track_0002_rank_1_frame_00014_score_0.721.jpg
2,2,bus,98,0.4736,0.6547,269.09,16.79,113,19,track_0002_rank_2_frame_00098_score_0.474.jpg
2,3,car,126,0.4523,0.5014,450.31,43.59,58,25,track_0002_rank_3_frame_00126_score_0.452.jpg
2,4,bus,76,0.3319,0.4806,142.73,14.19,47,24,track_0002_rank_4_frame_00076_score_0.332.jpg
14,1,truck,12,0.7196,0.6772,164.51,45.0,293,103,track_0014_rank_1_frame_00012_score_0.720.jpg
15,1,truck,13,0.3911,0.5288,356.09,13.31,40,15,track_0015_rank_1_frame_00013_score_0.391.jpg
17,1,car,22,0.471,0.6548,203.07,15.87,92,31,track_0017_rank_1_frame_00022_score_0.471.jpg
17,2,car,34,0.4614,0.4643,302.08,43.59,98,51,track_0017_rank_2_frame_00034_score_0.461.jpg
17,3,car,29,0.4385,0.6283,135.31,15.7,90,29,track_0017_rank_3_frame_00029_score_0.439.jpg
5,1,car,90,0.4781,0.7149,99.38,22.64,56,35,track_0005_rank_1_frame_00090_score_0.478.jpg
5,2,car,63,0.4583,0.6419,209.87,26.77,47,32,track_0005_rank_2_frame_00063_score_0.458.jpg
5,3,car,48,0.3895,0.435,525.38,26.26,45,17,track_0005_rank_3_frame_00048_score_0.390.jpg
84,1,car,175,0.4737,0.573,545.82,27.87,51,22,track_0084_rank_1_frame_00175_score_0.474.jpg
84,2,car,182,0.4499,0.5043,627.28,34.39,54,26,track_0084_rank_2_frame_00182_score_0.450.jpg
84,3,truck,166,0.4137,0.4598,557.94,28.73,54,22,track_0084_rank_3_frame_00166_score_0.414.jpg
108,1,motorcycle,264,0.7772,0.7407,245.38,49.51,247,118,track_0108_rank_1_frame_00264_score_0.777.jpg
108,2,motorcycle,288,0.7652,0.8655,391.99,42.99,108,83,track_0108_rank_2_frame_00288_score_0.765.jpg
108,3,motorcycle,294,0.7421,0.8474,599.09,41.11,102,69,track_0108_rank_3_frame_00294_score_0.742.jpg
108,4,motorcycle,238,0.7235,0.726,133.52,33.22,330,145,track_0108_rank_4_frame_00238_score_0.723.jpg
108,5,motorcycle,275,0.6867,0.8798,110.49,26.53,126,68,track_0108_rank_5_frame_00275_score_0.687.jpg
97,1,motorcycle,237,0.4054,0.4674,66.17,37.67,80,61,track_0097_rank_1_frame_00237_score_0.405.jpg
123,1,motorcycle,289,0.783,0.8748,433.77,44.04,105,87,track_0123_rank_1_frame_00289_score_0.783.jpg
123,2,motorcycle,294,0.7498,0.8613,599.09,41.11,102,69,track_0123_rank_2_frame_00294_score_0.750.jpg
123,3,motorcycle,304,0.6729,0.7647,639.83,39.39,90,64,track_0123_rank_3_frame_00304_score_0.673.jpg
121,1,motorcycle,293,0.5129,0.7167,344.55,21.17,49,24,track_0121_rank_1_frame_00293_score_0.513.jpg
121,2,motorcycle,283,0.3401,0.4392,260.96,17.84,52,24,track_0121_rank_2_frame_00283_score_0.340.jpg
126,1,motorcycle,341,0.6243,0.8528,518.25,25.83,48,23,track_0126_rank_1_frame_00341_score_0.624.jpg
126,2,motorcycle,325,0.6216,0.8513,618.85,25.31,45,23,track_0126_rank_2_frame_00325_score_0.622.jpg
126,3,motorcycle,331,0.6209,0.852,540.51,24.54,45,23,track_0126_rank_3_frame_00331_score_0.621.jpg
126,4,motorcycle,317,0.6078,0.8325,500.33,22.87,47,22,track_0126_rank_4_frame_00317_score_0.608.jpg
126,5,motorcycle,303,0.5676,0.7923,409.12,21.3,49,24,track_0126_rank_5_frame_00303_score_0.568.jpg
131,1,car,310,0.4564,0.5969,372.38,24.36,47,24,track_0131_rank_1_frame_00310_score_0.456.jpg
150,1,car,339,0.6161,0.7901,572.57,28.17,67,37,track_0150_rank_1_frame_00339_score_0.616.jpg
155,1,car,353,0.5819,0.76,833.42,34.92,56,15,track_0155_rank_1_frame_00353_score_0.582.jpg
170,1,car,509,0.8793,0.799,506.59,62.86,203,144,track_0170_rank_1_frame_00509_score_0.879.jpg
170,2,car,448,0.7656,0.7775,186.27,46.08,162,87,track_0170_rank_2_frame_00448_score_0.766.jpg
170,3,car,441,0.7584,0.8052,249.69,45.82,138,87,track_0170_rank_3_frame_00441_score_0.758.jpg
170,4,car,489,0.7508,0.7652,119.32,39.25,197,115,track_0170_rank_4_frame_00489_score_0.751.jpg
170,5,car,430,0.7061,0.6496,453.71,61.19,128,80,track_0170_rank_5_frame_00430_score_0.706.jpg
172,1,truck,366,0.6562,0.5029,250.96,55.59,288,105,track_0172_rank_1_frame_00366_score_0.656.jpg
171,1,car,578,0.5687,0.6475,733.4,49.27,110,23,track_0171_rank_1_frame_00578_score_0.569.jpg
171,2,car,583,0.5088,0.5455,755.78,46.85,114,22,track_0171_rank_2_frame_00583_score_0.509.jpg
171,3,car,455,0.4933,0.5842,1031.02,39.92,75,12,track_0171_rank_3_frame_00455_score_0.493.jpg
171,4,car,546,0.4901,0.5461,573.81,43.76,91,18,track_0171_rank_4_frame_00546_score_0.490.jpg
171,5,car,555,0.4764,0.5216,604.4,42.5,96,18,track_0171_rank_5_frame_00555_score_0.476.jpg
232,1,car,525,0.4482,0.4865,831.69,41.09,82,16,track_0232_rank_1_frame_00525_score_0.448.jpg
232,2,truck,532,0.4231,0.4519,627.82,37.5,84,15,track_0232_rank_2_frame_00532_score_0.423.jpg
241,1,truck,577,0.4703,0.4925,663.6,43.11,108,21,track_0241_rank_1_frame_00577_score_0.470.jpg
233,1,motorcycle,611,0.7925,0.7841,264.97,40.79,262,103,track_0233_rank_1_frame_00611_score_0.793.jpg
233,2,motorcycle,618,0.7701,0.786,184.96,35.58,291,150,track_0233_rank_2_frame_00618_score_0.770.jpg
233,3,motorcycle,603,0.73,0.6807,196.48,46.39,253,125,track_0233_rank_3_frame_00603_score_0.730.jpg
233,4,motorcycle,592,0.6391,0.5461,134.43,43.31,277,211,track_0233_rank_4_frame_00592_score_0.639.jpg
252,1,bus,748,0.8197,0.8544,48.78,63.01,826,224,track_0252_rank_1_frame_00748_score_0.820.jpg
252,2,bus,743,0.8011,0.8064,87.09,63.07,862,220,track_0252_rank_2_frame_00743_score_0.801.jpg
252,3,bus,651,0.7362,0.7342,195.43,30.35,664,124,track_0252_rank_3_frame_00651_score_0.736.jpg
252,4,bus,624,0.7261,0.7548,126.14,25.0,649,179,track_0252_rank_4_frame_00624_score_0.726.jpg
252,5,bus,661,0.6974,0.7926,389.42,41.59,108,69,track_0252_rank_5_frame_00661_score_0.697.jpg
253,1,motorcycle,631,0.672,0.7645,489.01,60.56,139,29,track_0253_rank_1_frame_00631_score_0.672.jpg
253,2,motorcycle,636,0.5265,0.5056,628.55,55.5,143,29,track_0253_rank_2_frame_00636_score_0.526.jpg
255,1,motorcycle,632,0.6534,0.7451,544.71,54.14,142,28,track_0255_rank_1_frame_00632_score_0.653.jpg
255,2,motorcycle,626,0.6315,0.719,404.3,64.85,134,28,track_0255_rank_2_frame_00626_score_0.631.jpg
258,1,motorcycle,879,0.763,0.7561,209.22,38.7,310,104,track_0258_rank_1_frame_00879_score_0.763.jpg
258,2,motorcycle,866,0.735,0.7161,200.23,71.56,127,95,track_0258_rank_2_frame_00866_score_0.735.jpg
258,3,motorcycle,886,0.7235,0.7,177.41,37.14,304,117,track_0258_rank_3_frame_00886_score_0.724.jpg
258,4,motorcycle,830,0.7128,0.789,531.18,65.01,86,60,track_0258_rank_4_frame_00830_score_0.713.jpg
258,5,motorcycle,824,0.7031,0.7997,390.84,66.85,84,64,track_0258_rank_5_frame_00824_score_0.703.jpg
279,1,motorcycle,835,0.706,0.8332,564.06,59.29,86,44,track_0279_rank_1_frame_00835_score_0.706.jpg
277,1,bus,885,0.6571,0.6012,23.4,50.21,416,195,track_0277_rank_1_frame_00885_score_0.657.jpg
277,2,bus,879,0.6099,0.5417,56.87,35.43,259,167,track_0277_rank_2_frame_00879_score_0.610.jpg
282,1,motorcycle,1069,0.5468,0.7369,378.04,29.98,42,33,track_0282_rank_1_frame_01069_score_0.547.jpg
282,2,motorcycle,1079,0.5098,0.6837,352.81,27.32,44,33,track_0282_rank_2_frame_01079_score_0.510.jpg
282,3,motorcycle,1106,0.4848,0.6874,162.81,29.44,52,37,track_0282_rank_3_frame_01106_score_0.485.jpg
282,4,motorcycle,1092,0.4645,0.6512,194.59,28.03,47,35,track_0282_rank_4_frame_01092_score_0.465.jpg
282,5,motorcycle,1111,0.4391,0.6088,138.54,29.62,54,38,track_0282_rank_5_frame_01111_score_0.439.jpg
284,1,car,1100,0.7509,0.7873,166.76,24.18,284,109,track_0284_rank_1_frame_01100_score_0.751.jpg
284,2,car,1105,0.7268,0.7518,145.98,23.85,277,118,track_0284_rank_2_frame_01105_score_0.727.jpg
