track_id,vehicle,candidate_count,final_plate,status,support,valid_candidates,consensus_ratio
1,car,3,,REJECTED,0,0,0.0
2,motorcycle,5,,REJECTED,0,0,0.0
5,motorcycle,2,,REJECTED,0,0,0.0
118,bus,5,,REJECTED,0,0,0.0
122,motorcycle,5,,REJECTED,0,0,0.0
130,truck,5,JU40KD,NEEDS_REVIEW,1,0,0.0
158,car,1,,REJECTED,0,0,0.0
171,truck,3,,REJECTED,0,0,0.0
182,truck,1,,REJECTED,0,0,0.0
190,truck,1,,REJECTED,0,0,0.0
193,car,1,,REJECTED,0,0,0.0
195,bus,1,,REJECTED,0,0,0.0
219,bus,1,,REJECTED,0,0,0.0
259,truck,2,,REJECTED,0,0,0.0
268,bus,1,,REJECTED,0,0,0.0
284,truck,2,,REJECTED,0,0,0.0
299,bus,1,,REJECTED,0,0,0.0
