sample_id,rotation,raw_prediction,parsed_candidate,correction_cost,removed_characters,ocr_confidence,text_regions,latency_ms
M20D_DEV_001,90,554HWLTS,,-1,999,0.287756,2,52.705
M20D_DEV_001,180,2500,,-1,999,0.187008,1,30.626
M20D_DEV_001,270,GJ1MH9,,-1,999,0.977867,2,26.482
M20D_DEV_005,90,,,-1,999,0.0,0,93.533
M20D_DEV_005,180,GJQ1RC6795,GJ01RC6795,1,0,0.938821,1,62.153
M20D_DEV_005,270,,,-1,999,0.0,0,24.706
M20D_DEV_007,90,888201L,,-1,999,0.372309,1,23.205
M20D_DEV_007,180,8888201009,,-1,999,0.397662,1,21.831
M20D_DEV_007,270,C70JK28888,,-1,999,0.8327,1,21.694
M20D_DEV_009,90,0819,,-1,999,0.201324,1,38.674
M20D_DEV_009,180,,,-1,999,0.0,0,32.071
M20D_DEV_009,270,GJ18CC3416,GJ18CC3416,0,0,0.972062,2,23.132
M20D_DEV_010,90,SRESEEAEEE,,-1,999,0.230504,1,81.97
M20D_DEV_010,180,EROERESEIS,,-1,999,0.608666,1,36.425
M20D_DEV_010,270,EROERASEIS,,-1,999,0.450522,1,23.399
M20D_DEV_011,90,10S0,,-1,999,0.151774,1,39.835
M20D_DEV_011,180,DL7CK5810,,-1,999,0.9419,1,48.372
M20D_DEV_011,270,DL7CK5810,,-1,999,0.987982,1,23.309
M20D_DEV_012,90,C7J8BBE485,,-1,999,0.694385,1,64.396
M20D_DEV_012,180,C7J8BBEV85,,-1,999,0.749954,1,44.618
M20D_DEV_012,270,S8A89810,,-1,999,0.444803,1,39.755
M20D_DEV_013,90,8A150059,,-1,999,0.142075,1,45.117
M20D_DEV_013,180,GJ01HR2568,GJ01HR2568,0,0,0.97466,1,60.355
M20D_DEV_013,270,GJ01HR2568,GJ01HR2568,0,0,0.96419,1,24.77
M20D_DEV_014,90,081133,,-1,999,0.601169,1,22.411
M20D_DEV_014,180,,,-1,999,0.0,0,12.584
M20D_DEV_014,270,CE1780,,-1,999,0.995861,1,21.047
M20D_DEV_016,90,0001100008,,-1,999,0.38696,1,57.924
M20D_DEV_016,180,E000X1005,,-1,999,0.319417,1,84.068
M20D_DEV_016,270,800001005,,-1,999,0.391465,1,35.591
M20D_DEV_017,90,30001060,,-1,999,0.212894,1,48.316
M20D_DEV_017,180,135B686,,-1,999,0.369128,1,56.248
M20D_DEV_017,270,135B8861,,-1,999,0.509852,1,22.716
M20D_DEV_019,90,109782GJ18,,-1,999,0.927346,2,32.079
M20D_DEV_019,180,,,-1,999,0.0,0,15.178
M20D_DEV_019,270,B19Z8L60V,,-1,999,0.585178,2,30.657
M20D_DEV_020,90,AJ889,,-1,999,0.914739,1,49.503
M20D_DEV_020,180,2290688CV,,-1,999,0.636544,2,23.318
M20D_DEV_020,270,2290688,,-1,999,0.72403,2,23.9
M20D_DEV_021,90,M1321GJOTV,,-1,999,0.95424,2,37.567
M20D_DEV_021,180,,,-1,999,0.0,0,33.44
M20D_DEV_021,270,OCO32010,,-1,999,0.27383,2,21.33
M20D_DEV_022,90,ASAU,,-1,999,0.612869,1,50.726
M20D_DEV_022,180,,,-1,999,0.0,0,38.544
M20D_DEV_022,270,,,-1,999,0.0,0,15.686
M20D_DEV_024,90,IMOC180H6185,,-1,999,0.355832,2,54.556
M20D_DEV_024,180,SERAHA8IL0,,-1,999,0.593365,1,52.841
M20D_DEV_024,270,SERAHA8RL0,,-1,999,0.590395,1,29.586
M20D_DEV_025,90,2718878121,,-1,999,0.593569,1,47.973
M20D_DEV_025,180,,,-1,999,0.0,0,34.398
M20D_DEV_025,270,,,-1,999,0.0,0,14.937
M20D_DEV_026,90,,,-1,999,0.0,0,10.93
M20D_DEV_026,180,2GC205,,-1,999,0.613866,1,24.537
M20D_DEV_026,270,,,-1,999,0.0,0,10.123
M20D_DEV_027,90,E0886,,-1,999,0.995387,1,22.155
M20D_DEV_027,180,98803ZCCA,,-1,999,0.610871,2,31.656
M20D_DEV_027,270,,,-1,999,0.0,0,11.254
M20D_DEV_029,90,,,-1,999,0.0,0,12.095
M20D_DEV_029,180,,,-1,999,0.0,0,11.467
M20D_DEV_029,270,,,-1,999,0.0,0,11.164
