sample_id,variant,raw_prediction,parsed_candidate,correction_cost,removed_characters,ocr_confidence,text_regions,latency_ms
M20D_DEV_001,upscaled,GJ1MH,,-1,999,0.99007,1,84.912
M20D_DEV_001,clahe,GJ1MH,,-1,999,0.975646,1,55.61
M20D_DEV_001,sharpened,GJ1MH,,-1,999,0.917073,1,54.149
M20D_DEV_001,threshold,,,-1,999,0.0,0,37.717
M20D_DEV_005,upscaled,,,-1,999,0.0,0,41.673
M20D_DEV_005,clahe,679081009,,-1,999,0.506537,1,40.693
M20D_DEV_005,sharpened,,,-1,999,0.0,0,35.723
M20D_DEV_005,threshold,1,,-1,999,0.187552,1,36.405
M20D_DEV_007,upscaled,C70JK28888,,-1,999,0.848017,1,71.015
M20D_DEV_007,clahe,C70JK28888,,-1,999,0.805819,1,62.015
M20D_DEV_007,sharpened,C70JK28888,,-1,999,0.817984,1,79.307
M20D_DEV_007,threshold,C10JK28888,,-1,999,0.809688,1,94.809
M20D_DEV_009,upscaled,,,-1,999,0.0,0,59.279
M20D_DEV_009,clahe,S,,-1,999,0.468666,1,46.988
M20D_DEV_009,sharpened,,,-1,999,0.0,0,45.987
M20D_DEV_009,threshold,AGJ18C,,-1,999,0.774768,2,80.949
M20D_DEV_010,upscaled,SRASEAOIE,,-1,999,0.295749,1,129.701
M20D_DEV_010,clahe,SRASEAOIE,,-1,999,0.287639,1,92.078
M20D_DEV_010,sharpened,SRESEAOIE,,-1,999,0.270839,1,96.322
M20D_DEV_010,threshold,WSRASEAOIO,,-1,999,0.437297,2,105.788
M20D_DEV_011,upscaled,2000A,,-1,999,0.125124,1,61.66
M20D_DEV_011,clahe,0800A,,-1,999,0.140771,1,47.347
M20D_DEV_011,sharpened,000A,,-1,999,0.132737,1,46.971
M20D_DEV_011,threshold,20853610,,-1,999,0.401774,2,62.788
M20D_DEV_012,upscaled,888,,-1,999,0.379847,1,389.401
M20D_DEV_012,clahe,SM,,-1,999,0.189167,2,383.613
M20D_DEV_012,sharpened,8882,,-1,999,0.391786,2,382.991
M20D_DEV_012,threshold,S8A8810,,-1,999,0.676881,1,385.67
M20D_DEV_013,upscaled,89250355,,-1,999,0.158478,1,55.394
M20D_DEV_013,clahe,892500205,,-1,999,0.165066,1,51.34
M20D_DEV_013,sharpened,8925002558,,-1,999,0.187475,2,53.623
M20D_DEV_013,threshold,89S1811059,,-1,999,0.212734,1,45.89
M20D_DEV_014,upscaled,,,-1,999,0.0,0,50.165
M20D_DEV_014,clahe,,,-1,999,0.0,0,45.559
M20D_DEV_014,sharpened,,,-1,999,0.0,0,51.43
M20D_DEV_014,threshold,,,-1,999,0.0,0,49.785
M20D_DEV_016,upscaled,C001300008,,-1,999,0.306532,1,75.047
M20D_DEV_016,clahe,C001K0000,,-1,999,0.27286,1,30.48
M20D_DEV_016,sharpened,C301K03018,,-1,999,0.354541,1,29.871
M20D_DEV_016,threshold,C001K00018,,-1,999,0.513658,1,33.668
M20D_DEV_017,upscaled,000000,,-1,999,0.230435,1,57.253
M20D_DEV_017,clahe,30000000,,-1,999,0.205329,1,31.419
M20D_DEV_017,sharpened,30000000,,-1,999,0.230201,1,31.918
M20D_DEV_017,threshold,3000060,,-1,999,0.166791,1,35.372
M20D_DEV_019,upscaled,,,-1,999,0.0,0,60.812
M20D_DEV_019,clahe,,,-1,999,0.0,0,55.014
M20D_DEV_019,sharpened,,,-1,999,0.0,0,59.411
M20D_DEV_019,threshold,,,-1,999,0.0,0,60.388
M20D_DEV_020,upscaled,AJ8890,,-1,999,0.923937,1,54.419
M20D_DEV_020,clahe,AJ8890GJ27,,-1,999,0.990168,2,48.28
M20D_DEV_020,sharpened,AJ8890GJ27,,-1,999,0.989041,2,46.607
M20D_DEV_020,threshold,AJ8890,,-1,999,0.980849,1,46.412
M20D_DEV_021,upscaled,M1321,,-1,999,0.988085,1,56.802
M20D_DEV_021,clahe,,,-1,999,0.0,0,39.835
M20D_DEV_021,sharpened,M1321,,-1,999,0.963423,1,44.286
M20D_DEV_021,threshold,M,,-1,999,0.160103,1,44.657
M20D_DEV_022,upscaled,,,-1,999,0.0,0,63.356
M20D_DEV_022,clahe,,,-1,999,0.0,0,65.002
M20D_DEV_022,sharpened,,,-1,999,0.0,0,64.539
M20D_DEV_022,threshold,,,-1,999,0.0,0,64.692
M20D_DEV_024,upscaled,MDC8AH6J11,,-1,999,0.267355,2,55.29
M20D_DEV_024,clahe,MDCA8AH6I81,,-1,999,0.233026,2,35.745
M20D_DEV_024,sharpened,M0CA8AH6I31,,-1,999,0.196736,2,37.722
M20D_DEV_024,threshold,0118VH6185,,-1,999,0.40919,1,36.973
M20D_DEV_025,upscaled,25888110,,-1,999,0.688812,1,57.831
M20D_DEV_025,clahe,,,-1,999,0.0,0,24.166
M20D_DEV_025,sharpened,,,-1,999,0.0,0,18.341
M20D_DEV_025,threshold,108112,,-1,999,0.69394,1,44.384
M20D_DEV_026,upscaled,,,-1,999,0.0,0,76.882
M20D_DEV_026,clahe,,,-1,999,0.0,0,27.64
M20D_DEV_026,sharpened,,,-1,999,0.0,0,21.865
M20D_DEV_026,threshold,,,-1,999,0.0,0,33.013
M20D_DEV_027,upscaled,,,-1,999,0.0,0,50.028
M20D_DEV_027,clahe,,,-1,999,0.0,0,30.499
M20D_DEV_027,sharpened,,,-1,999,0.0,0,34.767
M20D_DEV_027,threshold,0,,-1,999,0.23387,1,45.91
M20D_DEV_029,upscaled,,,-1,999,0.0,0,51.008
M20D_DEV_029,clahe,,,-1,999,0.0,0,28.727
M20D_DEV_029,sharpened,,,-1,999,0.0,0,35.972
M20D_DEV_029,threshold,A,,-1,999,0.171939,1,49.287
