sample_id,line_count,ocr_lines,top_to_bottom,top_parsed,top_correction_cost,bottom_to_top,reverse_parsed,reverse_correction_cost
M20D_DEV_001,1,GJ1MH56,GJ1MH56,,-1,GJ1MH56,,-1
M20D_DEV_005,1,61908,61908,,-1,61908,,-1
M20D_DEV_007,1,C70JK28888,C70JK28888,,-1,C70JK28888,,-1
M20D_DEV_009,0,,,,-1,,,-1
M20D_DEV_010,1,SRSEEEIE,SRSEEEIE,,-1,SRSEEEIE,,-1
M20D_DEV_011,1,1,1,,-1,1,,-1
M20D_DEV_012,1,S84088110,S84088110,,-1,S84088110,,-1
M20D_DEV_013,1,891500359,891500359,,-1,891500359,,-1
M20D_DEV_014,0,,,,-1,,,-1
M20D_DEV_016,1,0001K00018,0001K00018,,-1,0001K00018,,-1
M20D_DEV_017,1,30010000,30010000,,-1,30010000,,-1
M20D_DEV_019,0,,,,-1,,,-1
M20D_DEV_020,1,AJ8890GJ27,AJ8890GJ27,,-1,AJ8890GJ27,,-1
M20D_DEV_021,0,,,,-1,,,-1
M20D_DEV_022,0,,,,-1,,,-1
M20D_DEV_024,1,NOCJ8AH6J81,NOCJ8AH6J81,,-1,NOCJ8AH6J81,,-1
M20D_DEV_025,1,1258881,1258881,,-1,1258881,,-1
M20D_DEV_026,0,,,,-1,,,-1
M20D_DEV_027,1,E0886,E0886,,-1,E0886,,-1
M20D_DEV_029,0,,,,-1,,,-1
