confidence,precision,recall,f1
0.0,0.282212086659065,0.9989909182643795,0.4400977995110025
0.001001001001001001,0.2822706835583045,0.9989909182643795,0.4401690473918522
0.002002002002002002,0.367784151357821,0.9984863773965691,0.5375618623464539
0.003003003003003003,0.42058165943201364,0.9984863773965691,0.5918603571175164
0.004004004004004004,0.4555644060601887,0.9979818365287588,0.625566616728066
0.005005005005005005,0.48652508738036887,0.9979818365287588,0.654147437645629
0.006006006006006006,0.5081493310610541,0.9974772956609486,0.6732976310896337
0.007007007007007007,0.5293178190985768,0.9974772956609486,0.6916219493180109
0.008008008008008008,0.5442923476022151,0.9974772956609486,0.7042806443978428
0.009009009009009009,0.5609291397567172,0.9974772956609486,0.7180592542047585
0.01001001001001001,0.5741194344787849,0.9974772956609486,0.7287761420060657
0.011011011011011011,0.5851684211343897,0.9974772956609486,0.737615763307056
0.012012012012012012,0.595610822149082,0.9964682139253279,0.7455751111513949
0.013013013013013013,0.6046761579434848,0.9964682139253279,0.7526374032166814
0.014014014014014014,0.6140479474368193,0.9961782999640386,0.7597705494633364
0.015015015015015015,0.6229436219431478,0.9959636730575177,0.7664789944849759
0.016016016016016016,0.6299493756222901,0.9959636730575177,0.7717592210659743
0.017017017017017015,0.637551255560665,0.9959636730575177,0.777437511131619
0.018018018018018018,0.641932445474902,0.9959636730575177,0.7806861363379234
0.01901901901901902,0.6482942326458543,0.9959636730575177,0.7853725415317562
0.02002002002002002,0.655740026556623,0.9959636730575177,0.7908116275004281
0.02102102102102102,0.6646509262833454,0.9959636730575177,0.7972568446706333
0.022022022022022022,0.6694389563800517,0.9959636730575177,0.8006915205955143
0.023023023023023025,0.6751889761888047,0.9959636730575177,0.8047902662108372
0.024024024024024024,0.67842707412046,0.9959636730575177,0.8070860661186592
0.025025025025025023,0.6821625940558621,0.9959636730575177,0.80972353047903
0.026026026026026026,0.6861960587237229,0.9959636730575177,0.8125582061822278
0.02702702702702703,0.691422203317719,0.9959636730575177,0.8162109294515643
0.028028028028028028,0.6953544017012427,0.9959636730575177,0.8189443893856136
0.029029029029029027,0.699284318107035,0.9959636730575177,0.8216635932952427
0.03003003003003003,0.7027371342548068,0.9959636730575177,0.8240422968111852
0.031031031031031032,0.7059052042357643,0.9959636730575177,0.8262163430113797
0.03203203203203203,0.7092853234334142,0.9954591321897074,0.8283523670787833
0.03303303303303303,0.7120448245529846,0.9949545913218971,0.8300556647266178
0.03403403403403403,0.7156400010035627,0.9949545913218971,0.8324933422876509
0.035035035035035036,0.7198736419453581,0.9949545913218971,0.8353508197850199
0.036036036036036036,0.7244659800782643,0.9949479975381296,0.8384321467045576
0.037037037037037035,0.7262957708760388,0.9944500504540867,0.8394788550861747
0.03803803803803804,0.7291968908673532,0.9944500504540867,0.8414134792106136
0.03903903903903904,0.7325613143992556,0.9939455095862765,0.8434673049978774
0.04004004004004004,0.7366339689162429,0.9939455095862765,0.8461605314383721
0.04104104104104104,0.738444215438894,0.9934409687184662,0.8471701743751475
0.04204204204204204,0.7416726872129765,0.9934409687184662,0.8492908004477142
0.043043043043043044,0.7450903649554461,0.9934409687184662,0.8515271247713619
0.044044044044044044,0.7482935134372442,0.9934409687184662,0.8536151066547951
0.04504504504504504,0.7505595341628015,0.9934409687184662,0.8550875868071209
0.04604604604604605,0.7535374583056839,0.9934409687184662,0.8570168594697831
0.04704704704704705,0.7561018957838941,0.992936427850656,0.8584844658299613
0.04804804804804805,0.7583784028385099,0.9929196357482337,0.8599436428460812
0.04904904904904905,0.7601199376729783,0.9924318869828456,0.8608786952434045
0.050050050050050046,0.7625734338903812,0.9924318869828456,0.8624500256013606
0.05105105105105105,0.7644842538099341,0.9924318869828456,0.8636707614683479
0.05205205205205205,0.7679188109213787,0.9924318869828456,0.8658582809432793
0.05305305305305305,0.770743728743132,0.9924318869828456,0.8676511247937073
0.05405405405405406,0.7726131633052987,0.9919273461150353,0.8686410094407276
0.055055055055055056,0.7771155482880144,0.9919273461150353,0.871479335946996
0.056056056056056056,0.7776013081922587,0.9919273461150353,0.8717846982508143
0.057057057057057055,0.7800060198605294,0.9919273461150353,0.8732939015548468
0.058058058058058054,0.7812816854535444,0.9919273461150353,0.8740928508971938
0.05905905905905906,0.785590776394358,0.9919273461150353,0.876783155224554
0.06006006006006006,0.7869831387391905,0.9919273461150353,0.8776496657849708
0.06106106106106106,0.7881211103878677,0.9919273461150353,0.8783568543747646
0.062062062062062065,0.7897788600274426,0.9919273461150353,0.8793854407017007
0.06306306306306306,0.7919919250895161,0.9919273461150353,0.8807556048969905
0.06406406406406406,0.7935726434203718,0.9919273461150353,0.881732187903609
0.06506506506506507,0.7950510704915589,0.9919273461150353,0.882644010749939
0.06606606606606606,0.7955908901104813,0.9919273461150353,0.882976569667875
0.06706706706706707,0.7972131709811274,0.9919273461150353,0.8839747771882345
0.06806806806806806,0.7993618759092392,0.9919273461150353,0.8852941160000379
0.06906906906906907,0.8010826985500764,0.9919273461150353,0.8863484480254119
0.07007007007007007,0.802221591346654,0.9919273461150353,0.8870451248339114
0.07107107107107107,0.8043544690659468,0.9919273461150353,0.888347459839942
0.07207207207207207,0.8055480222373789,0.9919273461150353,0.8890748946379746
0.07307307307307308,0.8068652068984303,0.9919273461150353,0.8898765585953896
0.07407407407407407,0.8098957863741811,0.9919273461150353,0.89171657697396
0.07507507507507508,0.8131963339113673,0.9919273461150353,0.8937134782425328
0.07607607607607608,0.8142026816380076,0.9919273461150353,0.894320888072144
0.07707707707707707,0.815671479500926,0.9919273461150353,0.8952062089190301
0.07807807807807808,0.8172072511071873,0.9919273461150353,0.8961303609596997
0.07907907907907907,0.8184128728689325,0.9919273461150353,0.8968547464154318
0.08008008008008008,0.820030460964596,0.9919273461150353,0.8978251432786848
0.08108108108108109,0.8211411099293402,0.9919273461150353,0.8984904229542554
0.08208208208208208,0.8226969856520964,0.991422805247225,0.8992135552187503
0.08308308308308308,0.8237762173938781,0.991422805247225,0.8998578317393294
0.08408408408408408,0.8248801118296883,0.991422805247225,0.9005160392287179
0.08508508508508508,0.825734284704877,0.991422805247225,0.9010247990750194
0.08608608608608609,0.827321380893505,0.991422805247225,0.901968831611132
0.08708708708708708,0.8292707515619705,0.991422805247225,0.90312609911565
0.08808808808808809,0.8319673675360267,0.9909182643794148,0.9045127630885318
0.0890890890890891,0.8326827154467386,0.9909182643794148,0.9049353672181951
0.09009009009009009,0.8334615459674286,0.9909182643794148,0.9053950979648399
0.09109109109109109,0.834220583040793,0.9909182643794148,0.9058427674418406
0.0920920920920921,0.8368536513609828,0.9909182643794148,0.9073928323384761
0.09309309309309309,0.8376676438955246,0.9909182643794148,0.9078711194912502
0.0940940940940941,0.8385485924179623,0.9909182643794148,0.9083882691935955
0.09509509509509509,0.8392358412347197,0.9909182643794148,0.9087913642356871
0.0960960960960961,0.8398413378321049,0.9909182643794148,0.9091462580159378
0.0970970970970971,0.8402649645286757,0.9909182643794148,0.9093944146332904
0.0980980980980981,0.8410360884980556,0.9909182643794148,0.9098458373549733
0.0990990990990991,0.8414696478581271,0.9909182643794148,0.9100994799352718
0.10010010010010009,0.8422343609981128,0.9909182643794148,0.9105465629508914
0.1011011011011011,0.8443041255479831,0.9909182643794148,0.9117547642054263
0.1021021021021021,0.8453669397656545,0.9909182643794148,0.9123741114129686
0.1031031031031031,0.8476802056918981,0.9904137235116044,0.9135051212863728
0.1041041041041041,0.849038821924699,0.9904137235116044,0.9142934435733351
0.10510510510510511,0.8500469491339737,0.9904137235116044,0.9148776461941653
0.1061061061061061,0.8511087066425688,0.9904137235116044,0.91549223561555
0.10710710710710711,0.852066133012329,0.9904137235116044,0.9160458264840874
0.10810810810810811,0.8527745987665474,0.9904137235116044,0.9164550962829221
0.1091091091091091,0.8530575901627697,0.9904137235116044,0.9166184881488015
0.11011011011011011,0.8548158434108818,0.9904137235116044,0.9176325347976051
0.1111111111111111,0.8558328294525912,0.9904137235116044,0.9182181848472227
0.11211211211211211,0.8560754688058442,0.9904137235116044,0.9183578178465425
0.11311311311311312,0.8565031505699927,0.9904137235116044,0.9186038488898112
0.11411411411411411,0.8567020677113448,0.9904137235116044,0.9187182404632152
0.11511511511511512,0.857330587081176,0.9904137235116044,0.9190795221651109
0.11611611611611611,0.8586551680753787,0.9904137235116044,0.919840105574577
0.11711711711711711,0.8590730031535301,0.9904137235116044,0.9200798032822384
0.11811811811811812,0.8597826730912691,0.9904137235116044,0.9204866685834965
0.11911911911911911,0.8611047495619424,0.9904137235116044,0.9212438047473844
0.12012012012012012,0.8619041251062493,0.9904137235116044,0.9217010725167444
0.12112112112112113,0.8628339802654272,0.9904137235116044,0.9222324823879391
0.12212212212212212,0.863497393835065,0.9904137235116044,0.9226112957289445
0.12312312312312312,0.8638951000038261,0.9904137235116044,0.9228382585120123
0.12412412412412413,0.8653186473066129,0.9899091826437941,0.9234303852639172
0.12512512512512514,0.866062400899192,0.9899091826437941,0.9238537173678495
0.12612612612612611,0.8669485642518084,0.9899091826437941,0.9243576639809974
0.12712712712712712,0.8686450194305212,0.9899091826437941,0.9253210697136152
0.12812812812812813,0.8696566835709406,0.9899091826437941,0.9258947504417266
0.12912912912912913,0.8708176248304059,0.9899091826437941,0.9265523125319189
0.13013013013013014,0.8720239728164273,0.9899091826437941,0.92723472445297
0.13113113113113112,0.8721638833434316,0.9899091826437941,0.9273138123977963
0.13213213213213212,0.8723037938704361,0.9899091826437941,0.9273928884586585
0.13313313313313313,0.8731772943407711,0.9899091826437941,0.927886313836578
0.13413413413413414,0.8734992326328558,0.9899091826437941,0.9280680545678406
0.13513513513513514,0.8738020796788546,0.9899091826437941,0.9282389605880857
0.13613613613613612,0.8746819580811113,0.9899091826437941,0.9287351884131806
0.13713713713713713,0.8766148511670625,0.9893532292951188,0.9295783169403159
0.13813813813813813,0.87657568790624,0.988995129645496,0.9293982066492953
0.13913913913913914,0.8778372238184773,0.9889001009081736,0.9300647795663048
0.14014014014014015,0.8784295152807816,0.9889001009081736,0.9303971069390261
0.14114114114114115,0.8791911209033407,0.987718278702322,0.9303002499986757
0.14214214214214213,0.8796909790231955,0.9873864783047427,0.9304327191837569
0.14314314314314314,0.8808385474093534,0.9873864783047427,0.9310742114153496
0.14414414414414414,0.8813793641086985,0.9873864783047427,0.9313762555225757
0.14514514514514515,0.8822795702367688,0.9873864783047427,0.9318786297861825
0.14614614614614616,0.8826484608103332,0.9873864783047427,0.9320843552934135
0.14714714714714713,0.8830053867380661,0.9873864783047427,0.9322833310285612
0.14814814814814814,0.8835891457132995,0.9873864783047427,0.932608595915879
0.14914914914914915,0.8839615758005551,0.9873864783047427,0.9328160043468955
0.15015015015015015,0.8847676284142234,0.9868819374369324,0.9330391834476001
0.15115115115115116,0.8858913409076054,0.9868819374369324,0.9336636452291994
0.15215215215215216,0.8861061734447654,0.9868819374369324,0.9337829451702598
0.15315315315315314,0.8868961644253485,0.9868819374369324,0.9342214045340594
0.15415415415415415,0.887650838045595,0.9868819374369324,0.934639916970733
0.15515515515515516,0.8878546537204159,0.9868819374369324,0.9347528873750562
0.15615615615615616,0.8886939562414042,0.9868819374369324,0.9352178349914558
0.15715715715715717,0.8889164435825556,0.9868819374369324,0.9353410163255559
0.15815815815815815,0.8893283360800304,0.9868819374369324,0.9355689857545051
0.15915915915915915,0.8898300392023638,0.9868819374369324,0.9358465273399723
0.16016016016016016,0.891049988535154,0.9868819374369324,0.9365207831839162
0.16116116116116116,0.8921543055434725,0.9868819374369324,0.937130375038354
0.16216216216216217,0.892393474239345,0.9868819374369324,0.9372623036959168
0.16316316316316315,0.8925193802871477,0.9868819374369324,0.9373317416680719
0.16416416416416416,0.8926452863349503,0.9868819374369324,0.9374011703371845
0.16516516516516516,0.8928183849099942,0.9868819374369324,0.9374966073093716
0.16616616616616617,0.8931494960026634,0.9868696481627989,0.9376735674340078
0.16716716716716717,0.8934286185955184,0.9858728557013118,0.9373770367626721
0.16816816816816815,0.8943170363848092,0.9858728557013118,0.9378657914012877
0.16916916916916916,0.8954837810732347,0.9858728557013118,0.9385069637774085
0.17017017017017017,0.8971495822695721,0.985832598810431,0.9394027337032216
0.17117117117117117,0.897229600938362,0.9853683148335015,0.9392357364136228
0.17217217217217218,0.898022540851192,0.9853683148335015,0.9396700160141166
0.17317317317317318,0.8982860015605468,0.9853683148335015,0.9398142280062326
0.17417417417417416,0.8985474684894514,0.9848637739656912,0.9397276929814398
0.17517517517517517,0.8986970749600591,0.9847146400136729,0.9397415972460149
0.17617617617617617,0.8986691730923367,0.9844129043887755,0.939588923231478
0.17717717717717718,0.8987845577905256,0.984359233097881,0.9396275338162193
0.1781781781781782,0.8989309440230188,0.984359233097881,0.9397075240090818
0.17917917917917917,0.8990773302555118,0.984359233097881,0.9397875017677978
0.18018018018018017,0.8996203569282178,0.984359233097881,0.9400840744913112
0.18118118118118118,0.899817251507877,0.984359233097881,0.9401915657681806
0.18218218218218218,0.9001175747569643,0.984359233097881,0.9403554789239289
0.1831831831831832,0.9007936690489892,0.984359233097881,0.9407242926923146
0.1841841841841842,0.901031914152031,0.984359233097881,0.9408541938951234
0.18518518518518517,0.9018294415983734,0.984359233097881,0.9412888004534554
0.18618618618618618,0.9030010280975486,0.984359233097881,0.9419265815649818
0.1871871871871872,0.9033965785786462,0.984359233097881,0.9421417301670629
0.1881881881881882,0.9040882625938841,0.984359233097881,0.9425177357061875
0.1891891891891892,0.9041837747852024,0.984359233097881,0.9425696353346802
0.19019019019019018,0.9042792869765206,0.984359233097881,0.9426215297138387
0.19119119119119118,0.9043747991678389,0.984359233097881,0.9426734188444597
0.1921921921921922,0.9044703113591571,0.984359233097881,0.9427253027273391
0.1931931931931932,0.9047325280370953,0.984359233097881,0.942867716412289
0.1941941941941942,0.905795084183247,0.984359233097881,0.9434444016116142
0.19519519519519518,0.905967986045852,0.984359233097881,0.9435381799763608
0.1961961961961962,0.9061408879084571,0.984359233097881,0.9436319411874943
0.1971971971971972,0.906860737732036,0.984359233097881,0.9440221170345992
0.1981981981981982,0.9075550799324007,0.984359233097881,0.9443981858199992
0.1991991991991992,0.908013110742476,0.984359233097881,0.9446461128462657
0.20020020020020018,0.908263986182689,0.984359233097881,0.944781858091193
0.2012012012012012,0.9087980284269545,0.984359233097881,0.945070701186952
0.2022022022022022,0.909121903044509,0.984359233097881,0.9452457932552462
0.2032032032032032,0.9105747234622978,0.984359233097881,0.9460304760095707
0.2042042042042042,0.9111278865417344,0.984359233097881,0.9463289287039165
0.20520520520520522,0.9112262200693326,0.983991772108088,0.9462121051808149
0.2062062062062062,0.9116972618055986,0.9838546922300706,0.9464025789544427
0.2072072072072072,0.9119185382478361,0.9838546922300706,0.9465217868495232
0.2082082082082082,0.9123298307987904,0.9838546922300706,0.9467432878938168
0.2092092092092092,0.9130709634282475,0.9833501513622603,0.946908324410675
0.21021021021021022,0.9132967888331271,0.9832067415932103,0.9469632357122986
0.2112112112112112,0.9132797545354341,0.9829952787219804,0.9468559898914554
0.2122122122122122,0.9133325169672009,0.9828456104944501,0.946814903328449
0.2132132132132132,0.9135543288854646,0.9828456104944501,0.9469340759279627
0.21421421421421422,0.913749986601685,0.9823410696266398,0.9468048870977192
0.21521521521521522,0.9145033003486772,0.9823410696266398,0.9472091273922507
0.21621621621621623,0.9151366925085489,0.9823410696266398,0.9475487674351826
0.2172172172172172,0.9160511673144827,0.9823410696266398,0.9480387309025327
0.2182182182182182,0.9171056008234807,0.9823410696266398,0.9486030967745226
0.21921921921921922,0.9172541025663713,0.9823410696266398,0.9486825292298855
0.22022022022022023,0.9174026043092619,0.9823410696266398,0.9487619492668803
0.22122122122122123,0.9175599917125826,0.9823410696266398,0.9488461078812085
0.2222222222222222,0.9177729410069909,0.9823410696266398,0.948959954505624
0.22322322322322322,0.918241535762538,0.9823410696266398,0.9492103840778593
0.22422422422422422,0.918677980134841,0.9823410696266398,0.9494435205805338
0.22522522522522523,0.9189755990152548,0.9823410696266398,0.9496024389690514
0.22622622622622623,0.9192787805359468,0.9823410696266398,0.9497642764714993
0.2272272272272272,0.919836729884114,0.9823410696266398,0.9500619735427868
0.22822822822822822,0.920222367699137,0.9823410696266398,0.9502676307608887
0.22922922922922923,0.9204371720139579,0.9823410696266398,0.9503821478436851
0.23023023023023023,0.9209645364329025,0.9818241850290672,0.9504210795712135
0.23123123123123124,0.9209502841098188,0.9816320268173672,0.950323451234221
0.23223223223223222,0.9209360317867351,0.9814398686056671,0.9502258074700826
0.23323323323323322,0.9217951985115009,0.9812537547753848,0.9505956198458079
0.23423423423423423,0.9217664562707029,0.9808626509496537,0.9503967814042661
0.23523523523523523,0.9221800495458059,0.9808274470232089,0.9506000426403958
0.23623623623623624,0.9223454073081887,0.9808274470232089,0.9506878884540296
0.23723723723723725,0.9224966501360077,0.9808274470232089,0.9507682223861149
0.23823823823823823,0.9226598833182174,0.9808274470232089,0.9508549107741269
0.23923923923923923,0.9230110662285744,0.9808274470232089,0.9510413633946847
0.24024024024024024,0.9234510494578104,0.9808274470232089,0.9512748654825081
0.24124124124124124,0.9236831645578782,0.9808274470232089,0.9513980070706991
0.24224224224224225,0.9238781557875843,0.9808274470232089,0.9515014305249166
0.24324324324324323,0.9240419591966412,0.9808274470232089,0.9515882955774265
0.24424424424424424,0.9241857495630135,0.9808274470232089,0.9516645353885284
0.24524524524524524,0.9243295399293857,0.9808274470232089,0.9517407636913393
0.24624624624624625,0.9248330034981815,0.980820559130357,0.9520043321432505
0.24724724724724725,0.9248200446975565,0.9806378068371933,0.9519113735534102
0.24824824824824826,0.9248070858969315,0.9804550545440295,0.9518184008379272
0.24924924924924924,0.924840872785893,0.9803229061553986,0.9517740177115771
0.2502502502502503,0.9249967326178681,0.9803229061553986,0.9518565459053723
0.25125125125125125,0.9251525924498432,0.9803229061553986,0.9519390605982535
0.25225225225225223,0.9255400615994404,0.9803229061553986,0.9521441344959533
0.25325325325325326,0.9256660471942542,0.9798183652875883,0.9519727238101879
0.25425425425425424,0.9262311288395405,0.9798183652875883,0.9522714633951741
0.2552552552552553,0.9269538353641882,0.9795993647870637,0.9525497512869336
0.25625625625625625,0.9278408590971242,0.979313824419778,0.9528827294697874
0.25725725725725723,0.9281646344727756,0.979313824419778,0.953053444602931
0.25825825825825827,0.9291096083832258,0.979313824419778,0.9535513641797356
0.25925925925925924,0.9299018803953284,0.979313824419778,0.9539684431972377
0.2602602602602603,0.9303152973847645,0.979313824419778,0.9541859425951383
0.26126126126126126,0.9305438516456997,0.979313824419778,0.9543061449718391
0.26226226226226224,0.9306524222535569,0.979313824419778,0.9543632348792387
0.26326326326326327,0.930760992861414,0.979313824419778,0.9544203182965408
0.26426426426426425,0.9308695634692712,0.979313824419778,0.9544773952248519
0.2652652652652653,0.9311100486556361,0.979313824419778,0.954603798199753
0.26626626626626626,0.931903500717226,0.979313824419778,0.9550206240539862
0.26726726726726724,0.9332038170809352,0.979313824419778,0.9557029741713102
0.2682682682682683,0.9341509961711048,0.979313824419778,0.9561994292253245
0.26926926926926925,0.9343464852981491,0.979313824419778,0.9563018318390915
0.2702702702702703,0.9345523717361188,0.979313824419778,0.9564096582339363
0.27127127127127126,0.9348445079448857,0.979313824419778,0.9565626153635443
0.27227227227227224,0.9357236418936348,0.979313824419778,0.9570226321544841
0.2732732732732733,0.9367755836624693,0.9793059226204772,0.9575687404097728
0.27427427427427425,0.9367657944354151,0.9791441357382199,0.9574862781764119
0.2752752752752753,0.9367560052083609,0.9789823488559625,0.9574038044790512
0.27627627627627627,0.9367462159813066,0.9788205619737051,0.9573213193146101
0.2772772772772773,0.9371489033079148,0.9788092835519677,0.9575261641087321
0.2782782782782783,0.9373966206514094,0.9788092835519677,0.9576554509629138
0.27927927927927926,0.9376205662542326,0.9788092835519677,0.9577723022751954
0.2802802802802803,0.93818629350735,0.9788092835519677,0.9580673683085814
0.28128128128128127,0.9386212712294024,0.9788092835519677,0.9582941209815491
0.2822822822822823,0.9390187738430313,0.9783047426841575,0.9582592734104953
0.2832832832832833,0.9393144056363099,0.9783047426841575,0.9584131851315686
0.28428428428428426,0.9398100283521847,0.9783047426841575,0.9586711096149051
0.2852852852852853,0.9398834715544757,0.9781336013899831,0.9586271341236604
0.2862862862862863,0.9398721018420504,0.9779368073081495,0.9585267000982832
0.2872872872872873,0.9399043247003023,0.9778002018163471,0.9584778318788976
0.2882882882882883,0.9400354863200897,0.9778002018163471,0.9585460255267929
0.28928928928928926,0.9401666479398773,0.9778002018163471,0.9586142098477395
0.2902902902902903,0.9402978095596648,0.9778002018163471,0.9586823848436505
0.2912912912912913,0.9406107692842327,0.9778002018163471,0.9588450169351456
0.2922922922922923,0.9407829657245603,0.9772956609485368,0.9586917840710691
0.2932932932932933,0.9411506655452935,0.9772956609485368,0.95888266357417
0.29429429429429427,0.9413591166557906,0.9772956609485368,0.9589908417508706
0.2952952952952953,0.941539923737367,0.9772956609485368,0.9590846546959023
0.2962962962962963,0.9417795618613114,0.9772956609485368,0.9592089652738656
0.2972972972972973,0.9421170482646684,0.9772316320925519,0.9593531286108465
0.2982982982982983,0.9422638593526272,0.9767911200807265,0.9592168858657809
0.29929929929929927,0.942556732572402,0.9767911200807265,0.9593686160394138
0.3003003003003003,0.9426788340973573,0.9767911200807265,0.959431860061219
0.3013013013013013,0.9428009356223127,0.9767911200807265,0.9594950960373656
0.3023023023023023,0.942923037147268,0.9767911200807265,0.9595583239693882
0.3033033033033033,0.9430539101082752,0.9767911200807265,0.9596260850913424
0.30430430430430433,0.9432066909150023,0.9767911200807265,0.959705177589445
0.3053053053053053,0.9433594717217295,0.9767911200807265,0.9597842575012268
0.3063063063063063,0.9439280933748166,0.9767598166063495,0.9600633466614656
0.3073073073073073,0.9439160025002085,0.9765367802055529,0.9599493433703205
0.3083083083083083,0.9439039116256004,0.9763137438047562,0.9598353177776692
0.30930930930930933,0.9443341659690957,0.9757491692289247,0.9597846729124454
0.3103103103103103,0.9443192500908428,0.9754724189142479,0.9596430675113637
0.3113113113113113,0.9443438957179822,0.9752774974772956,0.959561457940163
0.3123123123123123,0.9444627792925728,0.9752774974772956,0.9596228271032223
0.3133133133133133,0.9445816628671635,0.9752774974772956,0.9596841886659475
0.31431431431431434,0.9447005464417543,0.9752774974772956,0.9597455426297506
0.3153153153153153,0.9451902152448661,0.9752774974772956,0.9599981730048504
0.3163163163163163,0.9461549066579981,0.9752257431670325,0.9604704014071411
0.3173173173173173,0.9461503331316873,0.9751382288816263,0.9604256001388727
0.3183183183183183,0.9461457596053766,0.97505071459622,0.9603807954090603
0.31931931931931934,0.9461411860790658,0.9749632003108136,0.9603359872172064
0.3203203203203203,0.9461366125527552,0.9748756860254074,0.9602911755628126
0.3213213213213213,0.9461320390264444,0.9747881717400011,0.9602463604453815
0.32232232232232233,0.9470768088558393,0.9747729566094854,0.9607253154683069
0.3233233233233233,0.9474807628092228,0.9747729566094854,0.9609331121736083
0.32432432432432434,0.9480400156571359,0.9747729566094854,0.9612206515923881
0.3253253253253253,0.9481191112410047,0.9747729566094854,0.9612613050252706
0.3263263263263263,0.9481982068248733,0.9747729566094854,0.9613019551138419
0.32732732732732733,0.9482773024087421,0.9747729566094854,0.9613426018585145
0.3283283283283283,0.9483563979926108,0.9747729566094854,0.9613832452597013
0.32932932932932935,0.9484354935764795,0.9747729566094854,0.9614238853178146
0.3303303303303303,0.9486332706479633,0.9747729566094854,0.9615254904172352
0.3313313313313313,0.9488663026212195,0.9747729566094854,0.9616451803994593
0.33233233233233234,0.9494128868151065,0.9742684157416751,0.9616800744413133
0.3333333333333333,0.9500169297348978,0.9742684157416751,0.9619898537774916
0.33433433433433435,0.9503747376762669,0.9742684157416751,0.96217326146142
0.3353353353353353,0.9506042540608565,0.9742684157416751,0.9622908726697008
0.3363363363363363,0.9507491916119213,0.9739776214557953,0.9622232411999136
0.33733733733733734,0.9508091642748708,0.9737638748738647,0.962149627201887
0.3383383383383383,0.9508999357931862,0.9737638748738647,0.9621960998730112
0.33933933933933935,0.9509907073115016,0.9737638748738647,0.962242568160829
0.34034034034034033,0.951081478829817,0.9737638748738647,0.96228903206596
0.34134134134134136,0.9511722503481324,0.9737638748738647,0.9623354915890244
0.34234234234234234,0.9512815097078348,0.9737638748738647,0.9623914079202299
0.3433433433433433,0.9514025019101596,0.9737638748738647,0.9624533214343165
0.34434434434434436,0.9515234941124845,0.9737638748738647,0.9625152271666532
0.34534534534534533,0.9516444863148094,0.9737638748738647,0.9625771251187067
0.34634634634634637,0.9519533908420613,0.9737638748738647,0.9627351211612643
0.34734734734734735,0.9526097865862846,0.9736300713621587,0.9630052359960249
0.3483483483483483,0.9526283288020877,0.9732593340060545,0.9628333269380149
0.34934934934934936,0.9528317720631572,0.9732593340060545,0.9629372286449609
0.35035035035035034,0.9530352153242267,0.9732593340060545,0.9630411084050017
0.35135135135135137,0.9537711513827123,0.9732593340060545,0.9634167000753536
0.35235235235235235,0.9542758568106379,0.9732593340060545,0.963674115297543
0.3533533533533533,0.9550907489466951,0.9732593340060545,0.9640894508240401
0.35435435435435436,0.9554822955003757,0.9732593340060545,0.9642888900689552
0.35535535535535534,0.9556535343929418,0.9732593340060545,0.9643760873406287
0.3563563563563564,0.9558247732855077,0.9732593340060545,0.9644632691318323
0.35735735735735735,0.9564426305871522,0.9732593340060545,0.9647777063402463
0.35835835835835833,0.9568220421862375,0.9727129210052008,0.9647020461321344
0.35935935935935936,0.9568090517342918,0.972407192541031,0.9645450649253481
0.36036036036036034,0.957183804179702,0.9722502522704339,0.9646582032402722
0.3613613613613614,0.957273322241845,0.9721463503962515,0.9646525115779307
0.36236236236236236,0.9572683543560507,0.9720283071203921,0.9645918707313298
0.36336336336336333,0.9572633864702565,0.9719102638445327,0.9645312233672753
0.36436436436436437,0.9572584185844623,0.9717922205686732,0.96447056948452
0.36536536536536535,0.9573810078804563,0.9717457114026236,0.9645098782643922
0.3663663663663664,0.9575865307331046,0.9717457114026236,0.9646141646466595
0.36736736736736736,0.9577307128038438,0.971703517133883,0.964666520017811
0.3683683683683684,0.957724646674677,0.9715579721622771,0.9645917156233075
0.36936936936936937,0.9577185805455103,0.9714124271906713,0.964516901301653
0.37037037037037035,0.9577125144163434,0.9712668822190654,0.9644420770505068
0.3713713713713714,0.9576938589344488,0.9708196997958606,0.9642121108437592
0.37237237237237236,0.9579180713266565,0.970736629667003,0.9642847520374374
0.3733733733733734,0.9583480545691644,0.970736629667003,0.9645025624251007
0.3743743743743744,0.9591129532325477,0.9704971037502386,0.9647714468663026
0.37537537537537535,0.9591238736928842,0.9702320887991928,0.9646460036210572
0.3763763763763764,0.9593089887651751,0.9702320887991928,0.9647396210381306
0.37737737737737737,0.9594941038374659,0.9702320887991928,0.9648332204941118
0.3783783783783784,0.959699308173964,0.9697275479313825,0.9646873670511084
0.3793793793793794,0.9601045334722182,0.9697275479313825,0.9648920483534055
0.38038038038038036,0.9604799962696853,0.9697275479313825,0.965081619764638
0.3813813813813814,0.9605145815659005,0.9695956994388363,0.9650337772925472
0.38238238238238237,0.9605088123087376,0.9694482421513102,0.9649578238144413
0.3833833833833834,0.9605030430515746,0.9693007848637842,0.964881860038241
0.3843843843843844,0.9608493125278291,0.9692230070635721,0.9650179949944477
0.38538538538538536,0.9612898835297353,0.9692230070635721,0.9652401453669021
0.3863863863863864,0.9619375923777296,0.9690821768863114,0.9654966674996501
0.38738738738738737,0.9619275964063122,0.9688176642859254,0.9653603363795475
0.3883883883883884,0.9623964983112816,0.9684637886123614,0.9654206109203303
0.3893893893893894,0.9627412593214795,0.9682139253279516,0.965469837076573
0.39039039039039036,0.9634325552845286,0.9682139253279516,0.9658173226862921
0.3913913913913914,0.9636637481079148,0.9682139253279516,0.9659334781714222
0.3923923923923924,0.9639338228790222,0.9682139253279516,0.966069133452315
0.3933933933933934,0.9643208805256147,0.9682139253279516,0.9662634817043071
0.3943943943943944,0.9642960123713894,0.96749420836903,0.9658924629663846
0.39539539539539537,0.9642872383029976,0.9672476667863462,0.9657651838471759
0.3963963963963964,0.9645930621623336,0.9672048435923309,0.9658971873193984
0.3973973973973974,0.9648617994969932,0.9672048435923309,0.9660319008235776
0.3983983983983984,0.9650358616919672,0.9672048435923309,0.9661191352776479
0.3993993993993994,0.9652099238869412,0.9672048435923309,0.9662063540164373
0.40040040040040037,0.9654151977772036,0.9672048435923309,0.9663091920603935
0.4014014014014014,0.9656319743389686,0.9672048435923309,0.966417768994995
0.4024024024024024,0.9659279264545142,0.9672048435923309,0.966565963294144
0.4034034034034034,0.9663202067761333,0.9672048435923309,0.9667623228123269
0.4044044044044044,0.9667144784787175,0.9671262197028888,0.9669203052581246
0.40540540540540543,0.9666817777812481,0.9661443257010967,0.9664129770177562
0.4064064064064064,0.9666760184448163,0.9659716327827638,0.9663236972512402
0.4074074074074074,0.9666702591083847,0.9657989398644308,0.9662344030544995
0.4084084084084084,0.9667572337220232,0.9656912209889001,0.9662239333286936
0.4094094094094094,0.9669979496821169,0.9656912209889001,0.9663441435831813
0.41041041041041043,0.967146666805792,0.9654341041522478,0.9662896266825736
0.4114114114114114,0.9671928636626261,0.9651866801210898,0.9661887304886784
0.4124124124124124,0.9672744492453436,0.9651866801210898,0.9662294369037623
0.4134134134134134,0.967356034828061,0.9651866801210898,0.9662701398818649
0.4144144144144144,0.9674376204107784,0.9651866801210898,0.9663108394234217
0.41541541541541543,0.9675192059934958,0.9651866801210898,0.9663515355288674
0.4164164164164164,0.9676007915762134,0.9651866801210898,0.9663922281986373
0.4174174174174174,0.9686014832366034,0.9649927787212647,0.9667937634812808
0.4184184184184184,0.9685907763017451,0.9646531171182515,0.9666179365693486
0.4194194194194194,0.9685748572828184,0.9641486069974062,0.9663566637244928
0.42042042042042044,0.9685682848574495,0.963940510716045,0.9662488567269724
0.4214214214214214,0.9685617124320806,0.9637324144346838,0.9661410286070006
0.4224224224224224,0.9685538030941926,0.9634821824822173,0.9660113362518299
0.42342342342342343,0.9685453602391297,0.9632151355894372,0.9658728941830944
0.4244244244244244,0.9685313044927569,0.9627709569658476,0.9656425402553269
0.42542542542542544,0.9685058554202166,0.9619677232715057,0.9652257176657134
0.4264264264264264,0.9684901296621441,0.9614720172636054,0.9649683131344619
0.4274274274274274,0.9684760151189433,0.9610275099996615,0.9647373857448034
0.42842842842842843,0.9684659315462798,0.960710183043461,0.9645724673146752
0.4294294294294294,0.9684416328268897,0.9599464202296633,0.9641753143616673
0.43043043043043044,0.9685026558753745,0.9596367305751766,0.9640493096803978
0.4314314314314314,0.9688198656722763,0.9596367305751766,0.9642064334962374
0.43243243243243246,0.9689206321250715,0.9594939379852543,0.9641842447390964
0.43343343343343343,0.9689139238510365,0.9592802418770989,0.9640730168674931
0.4344344344344344,0.968907047367452,0.9590612596931305,0.9639590131961444
0.43543543543543545,0.9688997915070451,0.9588303553879075,0.9638387747604115
0.4364364364364364,0.9690267038783383,0.958627648839556,0.9637991266347974
0.43743743743743746,0.9693815768764082,0.9584281688339403,0.9638737553789785
0.43843843843843844,0.9693723444750252,0.9581300768591131,0.9637184250840917
0.4394394394394394,0.9693662738976427,0.9579342654491582,0.9636163645261497
0.44044044044044045,0.9693602790078174,0.9577409024253574,0.9635155614421866
0.44144144144144143,0.969353575131875,0.9575247671692692,0.9634028635397737
0.44244244244244246,0.9693456501261253,0.9572694099158046,0.9632696824040118
0.44344344344344344,0.9698351967434455,0.9570746518924619,0.9634126723399982
0.4444444444444444,0.9698268852822872,0.9568028594790454,0.9632708511439485
0.44544544544544545,0.9698092004474971,0.9562249427343572,0.9629691669215654
0.44644644644644643,0.9702987383677462,0.9559934856368552,0.9630929943462294
0.44744744744744747,0.9702932811212182,0.9558125083862552,0.962998460365931
0.44844844844844844,0.97028782387469,0.9556315311356552,0.9629039101345677
0.4494494494494494,0.9706220485221869,0.9556004036326943,0.9630526529321287
0.45045045045045046,0.970773854801166,0.9552515791093188,0.9629501681855295
0.45145145145145144,0.9710317628707791,0.955095862764884,0.9629978896389091
0.45245245245245247,0.9712552793577081,0.9546841113233471,0.9628984045171113
0.45345345345345345,0.9716781898337278,0.9545913218970736,0.9630589718034855
0.4544544544544544,0.9723277091937497,0.9545913218970736,0.9633778879758921
0.45545545545545546,0.9725818830173972,0.9545913218970736,0.963502629649654
0.45645645645645644,0.9727489311843178,0.9545297176703597,0.9635532082496744
0.4574574574574575,0.9727438381679282,0.9543463970069281,0.9634572997377255
0.45845845845845845,0.9727387451515385,0.9541630763434967,0.9633613744079343
0.45945945945945943,0.9727321825546649,0.9539270232852247,0.9632378290312164
0.46046046046046046,0.9727245723358434,0.9536533788089869,0.9630945729079944
0.46146146146146144,0.9731915619320767,0.9535822401614531,0.963287116240711
0.4624624624624625,0.9732134024819415,0.9532136343464754,0.9631097016804766
0.46346346346346345,0.9732038172225606,0.9528632879011176,0.962926147910159
0.46446446446446443,0.9732339327612514,0.9525731584258325,0.9627927173599943
0.46546546546546547,0.9735491363070686,0.9525731584258325,0.962946930411152
0.46646646646646645,0.9736884503687804,0.9522262361616917,0.9628377568053859
0.4674674674674675,0.9736792820164301,0.9518855863276212,0.9626591027850687
0.46846846846846846,0.9736727964881822,0.9516447317402288,0.9625327496699837
0.4694694694694695,0.9736604044572392,0.9511849176667411,0.96229144337383
0.47047047047047047,0.9736443076363945,0.9505882302997116,0.9619781404696323
0.47147147147147145,0.9736436125106284,0.950050454086781,0.9617023540760367
0.4724724724724725,0.9739483242034752,0.950050454086781,0.9618509721600035
0.47347347347347346,0.9741322066371287,0.950002796063865,0.9619162051956542
0.4744744744744745,0.9741289836603599,0.9498813390787013,0.9618523689804228
0.4754754754754755,0.9741257606835912,0.9497598820935377,0.9617885253050904
0.47647647647647645,0.9741225377068224,0.949638425108374,0.961724674168206
0.4774774774774775,0.9741087400700181,0.9491189072582856,0.9614514685355675
0.47847847847847846,0.9741043491274933,0.9489536978689793,0.9613645575166412
0.4794794794794795,0.9741019123313561,0.9488620578594137,0.9613163423002936
0.4804804804804805,0.9740994755352189,0.9487704178498481,0.9612681228305977
0.48148148148148145,0.9740970387390817,0.9486787778402823,0.9612198991069295
0.4824824824824825,0.9740946019429446,0.9485871378307167,0.9611716711286646
0.48348348348348347,0.974089540086554,0.9483969228661742,0.961071550012709
0.4844844844844845,0.9740812833234956,0.9480867343579661,0.9609082394569658
0.4854854854854855,0.9740758643217158,0.9478833088725032,0.9608011098712433
0.48648648648648646,0.974071049431397,0.9477026114319064,0.9607059312610854
0.4874874874874875,0.9740653753346836,0.9474897084201355,0.9605937672674792
0.48848848848848847,0.974026251294389,0.9460245003684347,0.9598211890269119
0.4894894894894895,0.9740133262758155,0.9455414382213697,0.9595662269264371
0.4904904904904905,0.9745162935852751,0.9454073208770619,0.9597411390009992
0.49149149149149146,0.9745076015103761,0.9450765278111058,0.959566445974417
0.4924924924924925,0.9745021404543377,0.9448688389811204,0.9594567344209128
0.4934934934934935,0.974497570071237,0.944695085456442,0.959364931482008
0.4944944944944945,0.9744929996881364,0.9445213319317636,0.9592731131368414
0.4954954954954955,0.9744770105738576,0.9439141654396388,0.9589521320540787
0.4964964964964965,0.9744719912128491,0.9437237400267531,0.9588514218039783
0.4974974974974975,0.9744669718518405,0.9435333146138675,0.9587506930224269
0.4984984984984985,0.9749583911779479,0.9428909346793002,0.9586565705001865
0.4994994994994995,0.9749525432843367,0.9426651615808599,0.9585370373010887
0.5005005005005005,0.9749465421530582,0.9424335233294648,0.9584143710683221
0.5015015015015015,0.9749398887912512,0.9421769210344264,0.9582784501258551
0.5025025025025025,0.9749271765754677,0.9416869489344474,0.9580188167489097
0.5035035035035035,0.9751082491536182,0.941473259334006,0.9579956161202426
0.5045045045045045,0.9753316329403815,0.941473259334006,0.958103409582172
0.5055055055055055,0.9754244615032811,0.9412063267733537,0.9580099412697844
0.5065065065065065,0.9754153540687165,0.940848852304852,0.9578203395374354
0.5075075075075075,0.975409324739423,0.9406123605137201,0.9576948679357201
0.5085085085085085,0.9754753022278816,0.9404641775983855,0.9576498501512886
0.5095095095095095,0.975662107663499,0.9404641775983855,0.957739861673315
0.5105105105105106,0.9758489130991166,0.9404641775983855,0.9578298556463911
0.5115115115115115,0.9758905031560441,0.9394358531286292,0.9573162551481794
0.5125125125125125,0.9758835232026883,0.9391572922638628,0.9571682439495905
0.5135135135135135,0.9758773829469004,0.9389122827971615,0.9570380264160725
0.5145145145145145,0.9758736596792879,0.9387638477823682,0.956959119561525
0.5155155155155156,0.9758699364116752,0.9386154127675749,0.9568802013190556
0.5165165165165165,0.9758662131440626,0.9384669777527814,0.9568012716859485
0.5175175175175175,0.9758536460790755,0.9379664717007178,0.9565350398457764
0.5185185185185185,0.9758382047041924,0.9373522261566779,0.9562081210458753
0.5195195195195195,0.9758344506857385,0.9372030358338597,0.956128686550515
0.5205205205205206,0.9758306966672846,0.9370538455110413,0.9560492405239515
0.5215215215215215,0.9758192533401154,0.9365994206562065,0.9558071773412121
0.5225225225225225,0.9758096364310834,0.9362178526646459,0.9556038369103573
0.5235235235235235,0.9758037802140579,0.9359856066284529,0.9554800329574499
0.5245245245245245,0.9757839069707305,0.9351984681820371,0.9550602108538645
0.5255255255255256,0.9757762762972451,0.9348965056235785,0.9548990697021241
0.5265265265265265,0.9757691687896586,0.9346155245788622,0.9547490793052587
0.5275275275275275,0.9759843382261425,0.9339051463168516,0.9544811923106042
0.5285285285285285,0.9762624753888134,0.9337703001903286,0.9545437296822903
0.5295295295295295,0.9762577114190858,0.9335783889658208,0.9544411703793891
0.5305305305305306,0.9762524127069258,0.9333649738626357,0.9543270961796331
0.5315315315315315,0.9762405498333446,0.9328876042222636,0.9540718424208279
0.5325325325325325,0.9762338086485959,0.9326166158512624,0.9539268862723926
0.5335335335335335,0.9762270014838169,0.932343026419702,0.9537804992524631
0.5345345345345345,0.9762198707285156,0.9320566804231333,0.9536272418431162
0.5355355355355356,0.9762147805263394,0.9318523125157759,0.9535178338988012
0.5365365365365365,0.9762126588763729,0.9317672045457837,0.9534722641904396
0.5375375375375375,0.9762105372264065,0.9316820965757914,0.9534266906937207
0.5385385385385385,0.9762084155764401,0.9315969886057991,0.9533811134081245
0.5395395395395395,0.9762062939264736,0.9315118806358067,0.9533355323331314
0.5405405405405406,0.9762041722765072,0.9314267726658144,0.9532899474682216
0.5415415415415415,0.9761889471975991,0.9308166966514202,0.9529630644449592
0.5425425425425425,0.976179277177031,0.9304296128513077,0.9527555564096781
0.5435435435435435,0.9761718010041973,0.9301306043166415,0.9525952069835254
0.5445445445445445,0.9761642471807748,0.9298285929372154,0.9524331984117286
0.5455455455455456,0.9761398277485716,0.9288537170896292,0.9519099000206851
0.5465465465465466,0.976137370877825,0.9287557863153326,0.951857302881252
0.5475475475475475,0.9761349140070785,0.928657855541036,0.9518047007030591
0.5485485485485485,0.9761324571363321,0.9285599247667394,0.95175209348531
0.5495495495495496,0.9761300002655856,0.9284619939924428,0.9516994812272078
0.5505505505505506,0.9761275433948391,0.9283640632181461,0.9516468639279551
0.5515515515515516,0.9761100684232482,0.9276684343132611,0.9512729528041431
0.5525525525525525,0.9760995525738656,0.9272502635786584,0.9510480519368685
0.5535535535535535,0.9760951042238442,0.9270735163032211,0.9509529641872208
0.5545545545545546,0.9760906558738227,0.9268967690277837,0.9508578599823757
0.5555555555555556,0.9760685601374595,0.9260200453290205,0.9503858544813205
0.5565565565565566,0.9760608544776913,0.9257146502918944,0.9502213382182519
0.5575575575575575,0.9760570629134278,0.9255644790104456,0.9501404217433901
0.5585585585585585,0.9760532713491641,0.9254143077289968,0.9500594933626062
0.5595595595595596,0.9761652802738343,0.9253279515640767,0.950067035800796
0.5605605605605606,0.976433993231407,0.9253279515640767,0.9501942861639441
0.5615615615615616,0.9765567363325887,0.9247587483327262,0.9499521699059683
0.5625625625625625,0.9765505870480219,0.9245104548209034,0.9498182409753843
0.5635635635635635,0.9766508844310288,0.9243188698284561,0.9497645501108019
0.5645645645645646,0.9772435305430847,0.9243188698284561,0.9500446953749866
0.5655655655655656,0.9781097803247004,0.9243100824759749,0.9504492140778341
0.5665665665665666,0.9781027810440063,0.9240080806801855,0.9502862231712258
0.5675675675675675,0.9780938950130753,0.9236248727577052,0.9500793331134946
0.5685685685685685,0.9783820475602618,0.9233097880928355,0.9500484821679458
0.5695695695695696,0.9787881995393456,0.922300706357215,0.9497052399908789
0.5705705705705706,0.979107670549299,0.9221563692255957,0.9497790476924736
0.5715715715715716,0.9791010500522559,0.9218579833262238,0.9496176441736661
0.5725725725725725,0.979593233256421,0.9212916246215943,0.9495483512269038
0.5735735735735735,0.9796021142727342,0.9207559059611937,0.9492678985801444
0.5745745745745746,0.9801181189083663,0.9202779594261,0.9492559080168675
0.5755755755755756,0.9801148293704072,0.9201226889640512,0.9491717573119848
0.5765765765765766,0.9801115398324481,0.9199674185020024,0.9490875936377464
0.5775775775775776,0.980108250294489,0.9198121480399536,0.9490034169909057
0.5785785785785785,0.9803961136357978,0.9197780020181635,0.9491201581555725
0.5795795795795796,0.9806328531998513,0.9196861878441602,0.9491821856803948
0.5805805805805806,0.9806275095136551,0.9194275096055332,0.9490418959981273
0.5815815815815816,0.9806143405814765,0.9187905453850175,0.9486962905613138
0.5825825825825826,0.9806061876727259,0.918396703432498,0.948482484510593
0.5835835835835835,0.980599501475431,0.9180739382180138,0.9483071994513433
0.5845845845845846,0.9805934382114977,0.9177813733266228,0.9481482654815042
0.5855855855855856,0.9805746898306709,0.9168780843572187,0.9476572544114259
0.5865865865865866,0.9806711185136003,0.9162462159434914,0.9473646374583039
0.5875875875875876,0.9808310655693175,0.9162462159434914,0.9474392646682926
0.5885885885885885,0.9809910126250347,0.9162462159434914,0.9475138792953506
0.5895895895895896,0.9810867474876226,0.9160213890621377,0.9474382908488406
0.5905905905905906,0.9810721922643353,0.91530336556146,0.9470473037185136
0.5915915915915916,0.9810500682739716,0.9142141110615419,0.946453614069155
0.5925925925925926,0.9810300057271902,0.9132285657498254,0.9459158729203676
0.5935935935935935,0.981018859648017,0.912681942668426,0.9456173831924047
0.5945945945945946,0.9810150703215929,0.9124963005242973,0.9455159722934598
0.5955955955955956,0.9810112809951685,0.9123106583801686,0.9454145425878892
0.5965965965965966,0.9810056261268965,0.9120338130221224,0.9452632452231091
0.5975975975975976,0.9810672178582204,0.9117053481331988,0.9451153778013418
0.5985985985985985,0.9815314441127503,0.9117053481331988,0.9453307379442103
0.5995995995995996,0.9816827613380995,0.9106962663975782,0.9448580991802722
0.6006006006006006,0.9820343976098562,0.9101128018757538,0.944706709277215
0.6016016016016016,0.9820197916720809,0.9093599873213619,0.9442942292419908
0.6026026026026026,0.9820126153835759,0.9089905465206912,0.9440916884018624
0.6036036036036035,0.9820151048482217,0.908678102926337,0.9439242906772952
0.6046046046046046,0.982529026952394,0.9079765983995779,0.9437828184774529
0.6056056056056056,0.9825087493994114,0.9069052701231024,0.9431944016140685
0.6066066066066066,0.9824989788297394,0.9063899439817165,0.9429111300606333
0.6076076076076076,0.9824903778171638,0.9059367787767973,0.9426619024736453
0.6086086086086087,0.9824834408591526,0.9055715820052477,0.9424609696840184
0.6096096096096096,0.9824791179551212,0.9053441972804607,0.9423358226496907
0.6106106106106106,0.9824660061195848,0.9046550531850762,0.9419563547726312
0.6116116116116116,0.9824550315132541,0.9040791017021975,0.9416390053217956
0.6126126126126126,0.9824502726894453,0.9038296091992688,0.9415014755217586
0.6136136136136137,0.9824360492404851,0.9030845611303951,0.9410905651065855
0.6146146146146146,0.9824319004153131,0.9028675261060755,0.9409708049742527
0.6156156156156156,0.9824277515901413,0.9026504910817558,0.9408510186487089
0.6166166166166166,0.9824216961569048,0.9023340350204505,0.9406763099546485
0.6176176176176176,0.9824131163224086,0.9018859522363674,0.9404288349849017
0.6186186186186187,0.9824032110555001,0.9013691910680133,0.9401432855195366
0.6196196196196196,0.9823972970524096,0.901060887629396,0.9399728517321033
0.6206206206206206,0.9823947731531505,0.9009294356306918,0.9399001663287097
0.6216216216216216,0.9823922492538915,0.9007979836319878,0.9398274712878946
0.6226226226226226,0.9823897253546324,0.9006665316332837,0.9397547666076009
0.6236236236236237,0.9823760991554187,0.8999577109647177,0.939362551688888
0.6246246246246246,0.9823709472765589,0.8996899763721853,0.9392143296089398
0.6256256256256256,0.9823481358868765,0.8985064438948602,0.9385586102513985
0.6266266266266266,0.9823289354950392,0.8975126284772971,0.9380073744751313
0.6276276276276276,0.9823236744974697,0.8972407270434023,0.9378564599068783
0.6286286286286287,0.9823133727650459,0.8967087113846848,0.9375610495463416
0.6296296296296297,0.9823061651543539,0.8963368724413641,0.9373544821810916
0.6306306306306306,0.9823008759289906,0.896064116250386,0.9372029077906013
0.6316316316316316,0.9822865190811935,0.8953248360773227,0.9367918597862177
0.6326326326326326,0.9822705112418223,0.8945018307871854,0.9363338865961337
0.6336336336336337,0.9822683536798691,0.8943910604733768,0.9362722163558614
0.6346346346346347,0.982266196117916,0.8942802901595683,0.9362105392025695
0.6356356356356356,0.9822640385559629,0.8941695198457599,0.9361488551350095
0.6366366366366366,0.9822618809940098,0.8940587495319514,0.9360871641519329
0.6376376376376376,0.9822371249978685,0.8927902677587755,0.935380196808967
0.6386386386386387,0.9827738915375877,0.8923279772308247,0.9353695959857331
0.6396396396396397,0.983305548559518,0.8915258531633742,0.9351692288642126
0.6406406406406406,0.9832969157373381,0.8910572723456801,0.9349074718251974
0.6416416416416416,0.9832844751574626,0.8903828697664978,0.9345305132839116
0.6426426426426426,0.9832803348283521,0.8901586381484057,0.9344051195627316
0.6436436436436437,0.9832676689083097,0.8894733130147708,0.9340216927875264
0.6446446446446447,0.9832634512504695,0.8892454023045534,0.9338941192385606
0.6456456456456456,0.9832592335926293,0.8890174915943359,0.9337665161096286
0.6466466466466466,0.9832421735371313,0.8880970689699634,0.9332508746368278
0.6476476476476476,0.9832271873621643,0.887290068707548,0.9327983645152644
0.6486486486486487,0.9832217170653667,0.8869957866117447,0.9326332564286742
0.6496496496496497,0.9832785990142733,0.8864783047426842,0.9323726991380454
0.6506506506506506,0.9834796970695014,0.8864783047426842,0.9324630967777053
0.6516516516516516,0.9836807951247295,0.8864783047426842,0.9325534749764636
0.6526526526526526,0.9837450053560725,0.8855030595374098,0.9320423847512045
0.6536536536536537,0.9837066651615931,0.8833849478757739,0.9308505860782674
0.6546546546546547,0.9836935847124324,0.8826646272952415,0.9304446764149358
0.6556556556556556,0.9836610115454416,0.880875747327041,0.9294352868489878
0.6566566566566566,0.9836466396529103,0.880088781683045,0.9289906311682439
0.6576576576576576,0.9836147887486999,0.8783495162447671,0.92800659126669
0.6586586586586587,0.9836019325151221,0.8776494540317292,0.9276099996981475
0.6596596596596597,0.9835822968006576,0.8765822745569033,0.9270048685146075
0.6606606606606606,0.9835703405599353,0.8759336758744679,0.9266367550415652
0.6616616616616616,0.9835465563794692,0.874646369332987,0.9259053919575452
0.6626626626626626,0.9835222130496518,0.8733325454545032,0.9251579359127098
0.6636636636636637,0.9835039773733083,0.8723509226928374,0.9245987949845668
0.6646646646646647,0.9834938748085427,0.8718080656215985,0.9242893287210585
0.6656656656656657,0.9834727376381596,0.8706744161142975,0.923642495013915
0.6666666666666666,0.9834640154725096,0.8702074383639739,0.9233758224589608
0.6676676676676676,0.9834593238225902,0.8699564604787079,0.9232324442515913
0.6686686686686687,0.9834515908739533,0.8695431152993198,0.9229962257589357
0.6696696696696697,0.9834290707426666,0.868341452785695,0.9223089115526619
0.6706706706706707,0.9834178109150964,0.8677419056995745,0.9219656604271274
0.6716716716716716,0.9834043078829975,0.867024002636674,0.9215543605592715
0.6726726726726726,0.9833646181153094,0.8649204779215115,0.9203474045158389
0.6736736736736737,0.9833563705798015,0.8644846398565492,0.9200969921872018
0.6746746746746747,0.983344124114677,0.8638382195922446,0.9197253755869524
0.6756756756756757,0.9833225432066808,0.8627014645967922,0.9190712521716642
0.6766766766766766,0.9833030480962419,0.8616771099715892,0.9184811283793476
0.6776776776776777,0.9832958503029925,0.8612994966918323,0.9182634254660849
0.6786786786786787,0.9832774872090595,0.8603376508156733,0.9177085021679093
0.6796796796796797,0.9832566711378831,0.8592498137363782,0.9170802040221133
0.6806806806806807,0.9832423670495386,0.8585039430314184,0.916648991717507
0.6816816816816816,0.9832376804836286,0.8582597708112448,0.9165077537429968
0.6826826826826827,0.9832137583660011,0.8570158614824634,0.9157876572129475
0.6836836836836837,0.9832017984416914,0.8563952677300994,0.9154280389905303
0.6846846846846847,0.983167315504098,0.8546108790241741,0.914392701178465
0.6856856856856857,0.9831426950248666,0.8533413549011447,0.9136548934007704
0.6866866866866866,0.9831329190342162,0.8528382868242844,0.9133622485082905
0.6876876876876877,0.9831142350997496,0.8518784471041452,0.9128034526185606
0.6886886886886887,0.9836726697191565,0.8511180871802912,0.9126071710516921
0.6896896896896897,0.9836652862790162,0.8507270014060614,0.9123791295911147
0.6906906906906907,0.9836366015428855,0.8492109271059095,0.9114942048096577
0.6916916916916916,0.9836202807796559,0.8483507342449648,0.9109914737449543
0.6926926926926927,0.9836045499524534,0.8475231952064127,0.9105073889019627
0.6936936936936937,0.9835929767816065,0.8469154279721268,0.9101515892722082
0.6946946946946947,0.9835702896180563,0.845726427726888,0.9094548517687235
0.6956956956956957,0.9838244261269208,0.8451059535822402,0.9092045154082986
0.6966966966966966,0.9841145967171013,0.8439322363868083,0.9086485285042548
0.6976976976976977,0.9840947293998249,0.8428610706351919,0.9080188335289643
0.6986986986986987,0.9840806051922429,0.8421011094490526,0.9075716428169996
0.6996996996996997,0.9840630175911697,0.8411567870100031,0.9070154553502969
0.7007007007007007,0.9840220467311561,0.8389649514123277,0.9057223221725746
0.7017017017017017,0.9839939811256526,0.8374699821361411,0.9048385676757198
0.7027027027027027,0.9839569972096712,0.8355079314407513,0.9036765286540546
0.7037037037037037,0.9839364100348024,0.834419719159184,0.9030309626922898
0.7047047047047047,0.9845014518867183,0.8332879107726631,0.9026053016342345
0.7057057057057057,0.9844722197737888,0.8316944934160374,0.9016574504538274
0.7067067067067067,0.9844424208852107,0.8300763219017482,0.9006931971365046
0.7077077077077077,0.984422016827003,0.828971861381815,0.9000340868916835
0.7087087087087087,0.9844102852178221,0.8283382174983808,0.8996555889827847
0.7097097097097097,0.9843979744879435,0.8276742898268191,0.8992587221673201
0.7107107107107107,0.9843807301266865,0.8267460152874456,0.8987033604563037
0.7117117117117117,0.984915966139452,0.8236032950698923,0.8970654086780017
0.7127127127127127,0.9854782570348617,0.8229061553985872,0.8968846647314298
0.7137137137137137,0.9854909143483798,0.8224702364998404,0.896630931491294
0.7147147147147147,0.985473721976775,0.8214824909689339,0.896036552644711
0.7157157157157157,0.985443133656734,0.8197308853667278,0.8949809424666867
0.7167167167167167,0.9854083375771229,0.817747224537912,0.8937830434829693
0.7177177177177178,0.9853866806801886,0.8165173952887906,0.8930390652771977
0.7187187187187187,0.9853161069679176,0.8125348598725781,0.8906229711713366
0.7197197197197197,0.9852521171414717,0.8089567942981845,0.8884432455736027
0.7207207207207207,0.9852218833268688,0.807276952985342,0.8874169442953704
0.7217217217217217,0.9852063557656964,0.8064169776179396,0.886890806725652
0.7227227227227228,0.9851898936029159,0.8055071560530008,0.8863336313875421
0.7237237237237237,0.9851825731444801,0.8051032036637983,0.8860860719638125
0.7247247247247247,0.985170806267769,0.804454763544486,0.8856884494449982
0.7257257257257257,0.9857523259383196,0.8028752317396435,0.8849647023811724
0.7267267267267267,0.9857419441496829,0.8022821489994652,0.8846001218232467
0.7277277277277278,0.9856687915235632,0.7981277206618624,0.8820396054507563
0.7287287287287287,0.985608118512453,0.7947140709704037,0.8799268411882635
0.7297297297297297,0.9855870753814177,0.7935368497443164,0.8791963863805742
0.7307307307307307,0.9855654679378801,0.792331635535444,0.8784475745113811
0.7317317317317317,0.9855234344707227,0.7899973445767894,0.8769944068666228
0.7327327327327328,0.9854693093249342,0.7870114543563479,0.8751301004187619
0.7337337337337337,0.9854304221030467,0.7848799280068786,0.8737954435028876
0.7347347347347347,0.9854978513661227,0.7835519677093845,0.8729983432742852
0.7357357357357357,0.986014843704613,0.7825915869630933,0.8726044505137729
0.7367367367367368,0.9859885519895303,0.7811022801948595,0.8716675930608716
0.7377377377377378,0.9859629865775572,0.7796594795960583,0.8707585044292759
0.7387387387387387,0.9859067245416951,0.7765026173968744,0.8687642920386766
0.7397397397397397,0.9858528128355433,0.7735012586144359,0.86686176922694
0.7407407407407407,0.9858272124685347,0.7720840706256428,0.8659612057287872
0.7417417417417418,0.9858108730317197,0.7711822152074526,0.8653873688280623
0.7427427427427428,0.9864135987838831,0.7692549528427213,0.8644040991824946
0.7437437437437437,0.9863681089020805,0.7666525866100481,0.8627412830611499
0.7447447447447447,0.9863209910233894,0.7639752966053255,0.8610255040716803
0.7457457457457457,0.986262673569061,0.7606871224708148,0.858911133975709
0.7467467467467468,0.98623960460546,0.759394049561584,0.8580775071465109
0.7477477477477478,0.9861981211675537,0.7570797889164922,0.8565824887523259
0.7487487487487487,0.9861661648836136,0.755306375656182,0.8554342080663748
0.7497497497497497,0.9867673105972856,0.7524766484484843,0.8538415267334326
0.7507507507507507,0.9867061464330377,0.7489681275002374,0.851555462894805
0.7517517517517518,0.986667954296654,0.7467936200533913,0.8501340257930396
0.7527527527527528,0.9866189967328733,0.7440244140457755,0.8483187424500531
0.7537537537537538,0.9865717167015265,0.7413692328752216,0.8465728148482828
0.7547547547547547,0.986516769039084,0.7383068322826205,0.84455253300663
0.7557557557557557,0.9864702678452446,0.7357346024098563,0.8428501426717712
0.7567567567567568,0.9864379060694386,0.7339549314043903,0.8416693558745404
0.7577577577577578,0.9864217803175964,0.7330712337111597,0.8410821393949389
0.7587587587587588,0.9863807931306443,0.7308347462131518,0.8395933301333086
0.7597597597597597,0.9863525445900093,0.7293011223642084,0.8385701982537511
0.7607607607607607,0.9870147628321235,0.7286580143994054,0.8383839002547745
0.7617617617617618,0.9869757981570723,0.7264493947443701,0.8369060688134617
0.7627627627627628,0.9875876748952512,0.722589096195309,0.834557102493117
0.7637637637637638,0.9875277164418235,0.7190717156658819,0.8321850294447035
0.7647647647647647,0.9874662945444866,0.7155033555884536,0.829768689326814
0.7657657657657657,0.9874017688988543,0.7117921974500752,0.8272450217802642
0.7667667667667668,0.9873774408054884,0.7104027651634127,0.8262973755285273
0.7677677677677678,0.9872981998011472,0.7059142462620178,0.8232255393219268
0.7687687687687688,0.9871903586819178,0.6998948943553368,0.8190807080488784
0.7697697697697697,0.9871206241536122,0.6960562197485589,0.8164221752139743
0.7707707707707707,0.9870971417581121,0.6947728389556788,0.8155306787903551
0.7717717717717718,0.9870614772297733,0.6928327345735984,0.8141804378589107
0.7727727727727728,0.9870213562832885,0.6906628807764492,0.8126666487767931
0.7737737737737738,0.9876328781386096,0.684971063790827,0.8089182695492411
0.7747747747747747,0.9875668687393353,0.6812889026891005,0.8063229427665188
0.7757757757757757,0.9874848042101896,0.6767653242594396,0.8031190291535241
0.7767767767767768,0.9873888493595167,0.6715506587378122,0.7994042326211829
0.7777777777777778,0.9873606851799764,0.6700351287847658,0.7983202784481674
0.7787787787787788,0.9873174463932155,0.6677216157720899,0.7966618017137839
0.7797797797797797,0.987234778575327,0.6633418726767024,0.7935095486719486
0.7807807807807807,0.9871814891003511,0.660548542291085,0.7914904519295862
0.7817817817817818,0.9870381720101618,0.6531501477705968,0.7861098876619615
0.7827827827827828,0.986949248610066,0.6486413593657268,0.7828072613301416
0.7837837837837838,0.9868509503329578,0.643728146982392,0.7791878782839433
0.7847847847847848,0.9868271443972569,0.6425493561983672,0.7783163020698267
0.7857857857857857,0.9867614536055347,0.6393183582215184,0.7759209700371903
0.7867867867867868,0.9866561369900536,0.6342047926260765,0.7721107213081109
0.7877877877877878,0.9866144577480324,0.6322033377794679,0.7706129189005321
0.7887887887887888,0.9865547707239425,0.6293588234331072,0.7684779087201549
0.7897897897897898,0.9871892157817385,0.6220725428297249,0.7632112084056497
0.7907907907907907,0.9871079037031517,0.6180981442844731,0.7601884683307125
0.7917917917917918,0.9878601936756229,0.6158449794178066,0.7587039698429554
0.7927927927927928,0.9877240680852298,0.6089320038810738,0.7533955579049695
0.7937937937937938,0.9876734770243895,0.6064017420463248,0.7514412241973027
0.7947947947947948,0.9884410670908215,0.6040285528090523,0.7498373844386977
0.7957957957957957,0.9883884798964819,0.60126101484663,0.7476861565402032
0.7967967967967968,0.9883121343990142,0.5972873937218057,0.7445844533498649
0.7977977977977978,0.988251550845191,0.5941709561587849,0.7421410733127469
0.7987987987987988,0.9881543484775523,0.589237333229471,0.7382534596428332
0.7997997997997998,0.9880838516303223,0.5857095693905157,0.7354588722130077
0.8008008008008007,0.9880209742431354,0.582598171536077,0.7329838230741406
0.8018018018018018,0.9887946760202813,0.5787905719581599,0.7301740518686393
0.8028028028028028,0.9887128998976947,0.5745496796222989,0.7267680904241708
0.8038038038038038,0.9886769775975925,0.5727060721128443,0.7252817411247332
0.8048048048048048,0.9886008245358242,0.5688363155603532,0.7221505589036591
0.8058058058058059,0.9893977593212276,0.5650031986584744,0.7192647378300455
0.8068068068068068,0.9893320866978481,0.5614877072582004,0.7163924618990117
0.8078078078078078,0.9901622409324911,0.5585978451823416,0.7142519995505595
0.8088088088088088,0.9900707913976367,0.5534019637427607,0.7099666882736296
0.8098098098098098,0.9899937176769252,0.5490966562533206,0.7063941784003784
0.8108108108108109,0.9905017322665319,0.5469223007063572,0.7047209808699494
0.8118118118118118,0.9907942422777202,0.543025666623995,0.701551336995393
0.8128128128128128,0.9906548018327557,0.5348477929507068,0.6946556972739582
0.8138138138138138,0.9905406603030518,0.5283331816783349,0.6891098973130955
0.8148148148148148,0.9904287898159484,0.5220989461858434,0.6837584728223645
0.8158158158158159,0.9903209053075634,0.5162233107429529,0.6786747192538909
0.8168168168168168,0.9902437901589015,0.512103034852828,0.6750862606982662
0.8178178178178178,0.9910535066534444,0.5030175373826568,0.6673274290686493
0.8188188188188188,0.9909578216466433,0.497646620039038,0.6625625945133755
0.8198198198198198,0.9908760266410964,0.49314459909381436,0.6585422768873045
0.8208208208208209,0.9908205959595415,0.49013928375288723,0.6558450419676725
0.8218218218218218,0.9906988917735376,0.4836664333428952,0.6499987368639795
0.8228228228228228,0.9906371008466245,0.4804444592941513,0.6470696379709039
0.8238238238238238,0.9905612485792413,0.47654702773854957,0.6435094483799003
0.8248248248248248,0.992579579371213,0.4724233039944362,0.64015945591408
0.8258258258258259,0.9924591683354738,0.4648233048891474,0.6331211128511575
0.8268268268268268,0.9923629105796289,0.45892019067262924,0.6276037745450045
0.8278278278278278,0.9922777347806764,0.45381939845340596,0.6228003283427871
0.8288288288288288,0.9921404998254871,0.44583357046367705,0.6152121245828382
0.8298298298298298,0.9920596608115001,0.4412586821601286,0.6108272327643988
0.8308308308308309,0.9919682233192934,0.4361949855617041,0.6059413408183976
0.8318318318318318,0.991897904623379,0.43237843593335273,0.6022360301779422
0.8328328328328328,0.9917827216758067,0.4262682655677514,0.5962627640217534
0.8338338338338338,0.9916605914004967,0.41997393652977155,0.5900558452371332
0.8348348348348348,0.9915200961076542,0.41295729368322004,0.583071622936003
0.8358358358358359,0.9913798806175481,0.4061825334408312,0.5762621940327648
0.8368368368368369,0.9912138332293238,0.39843955360254646,0.5683989993172925
0.8378378378378378,0.9910693151075511,0.39193474150948565,0.5617257505155984
0.8388388388388388,0.9909078239951958,0.3849106113792196,0.5544495211690426
0.8398398398398398,0.9920698793470715,0.3787130332403483,0.548168188768483
0.8408408408408409,0.9932812319099739,0.3729486602482672,0.5422848772623213
0.8418418418418419,0.9931554681833471,0.36604969593133546,0.534936544885557
0.8428428428428428,0.9930178927957735,0.35878725129684924,0.5271205865752694
0.8438438438438438,0.9929793169522392,0.35680203094913643,0.5249695256641412
0.8448448448448448,0.9928054574674805,0.3481186983138113,0.5154864904809692
0.8458458458458459,0.9926746220258256,0.34185620457736704,0.5085712100480742
0.8468468468468469,0.9925302212746421,0.3351988982777814,0.5011489644677128
0.8478478478478478,0.9923296625275952,0.32636830667637345,0.4911889745600644
0.8488488488488488,0.992200916921065,0.3209390245399137,0.484999327748675
0.8498498498498498,0.9919831234091713,0.3121516843150525,0.47487299771506253
0.8508508508508509,0.9917673230629938,0.3039032472589521,0.46524373850564554
0.8518518518518519,0.9932311868627323,0.29613806094426376,0.45624410268380733
0.8528528528528528,0.9930929031719339,0.2901688626638284,0.4491127935152712
0.8538538538538538,0.9929563275078254,0.28450340714684585,0.4422831509446553
0.8548548548548548,0.9928505697343186,0.28026518032682746,0.4371345558340907
0.8558558558558559,0.9926933261272048,0.27419029598718736,0.4296951545731592
0.8568568568568569,0.9925054998065453,0.2672679573585443,0.42113114241563876
0.8578578578578578,0.9923392239517939,0.26142307948832266,0.41382704697808126
0.8588588588588588,0.9921736409209129,0.2558493972528086,0.4067986250817996
0.8598598598598598,0.9919896749134833,0.24992733235546047,0.3992623206288015
0.8608608608608609,0.9917929288073459,0.24388752379397236,0.39150238399253456
0.8618618618618619,0.9916041405221626,0.23835813746695958,0.3843319754908423
0.8628628628628628,0.9934056567497461,0.22801993185251446,0.3709047726979317
0.8638638638638638,0.9931348578314793,0.21896581438738527,0.358819342197846
0.8648648648648649,0.9929987658501803,0.21468035574895958,0.3530363728218093
0.8658658658658659,0.9928132768867916,0.20910041053297698,0.34544521117033383
0.8668668668668669,0.9925984802068353,0.2029882442667204,0.337049280716494
0.8678678678678678,0.9922738546267402,0.1943957999534386,0.3251012090829767
0.8688688688688688,0.9919290127561321,0.1860253798350671,0.31329561233941644
0.8698698698698699,0.9917734559946247,0.18247920676855653,0.3082437694765662
0.8708708708708709,0.9912764115018,0.1719956854894697,0.2931305003305229
0.8718718718718719,0.9969958179933869,0.16744180326785382,0.28672858823387176
0.8728728728728729,1.0,0.16264525247748535,0.2797848305506842
0.8738738738738738,1.0,0.15511333339886563,0.26856816368390807
0.8748748748748749,1.0,0.1507580377064727,0.2620151808923137
0.8758758758758759,1.0,0.14313296746015033,0.25042225451369454
0.8768768768768769,1.0,0.1361311602626292,0.2396398673391917
0.8778778778778779,1.0,0.12840848956406234,0.22759220752348355
0.8788788788788788,1.0,0.12341578760435255,0.21971524517655694
0.8798798798798799,1.0,0.11861427685615165,0.21207359732528228
0.8808808808808809,1.0,0.11309842362719572,0.20321369831546035
0.8818818818818819,1.0,0.11102349208635402,0.19985804598580847
0.8828828828828829,1.0,0.10587317537301962,0.1914743529922548
0.8838838838838838,1.0,0.10108618405743458,0.18361175632036036
0.8848848848848849,1.0,0.09650522647053432,0.1760232858737361
0.8858858858858859,1.0,0.09067451478810866,0.1662723636771223
0.8868868868868869,1.0,0.08548303398287663,0.1575022940141598
0.8878878878878879,1.0,0.08165020147913632,0.150973394850722
0.8888888888888888,1.0,0.07907298366730948,0.14655724842368698
0.8898898898898899,1.0,0.0770366037999934,0.14305289816185143
0.8908908908908909,1.0,0.0748063528713928,0.1391996849879875
0.8918918918918919,1.0,0.0728904125637517,0.13587671529205786
0.8928928928928929,1.0,0.06979794363469012,0.13048808711960735
0.8938938938938938,1.0,0.06567172977983786,0.1232494546766391
0.8948948948948949,1.0,0.06405303904053267,0.1203944478149133
0.8958958958958959,1.0,0.061297934872828135,0.11551503655789788
0.8968968968968969,1.0,0.05963184485294231,0.11255200594923255
0.8978978978978979,1.0,0.05754051282928886,0.10881949605003398
0.8988988988988988,1.0,0.054502198397191934,0.10337047846848202
0.8998998998998999,1.0,0.052525732291832376,0.099808927573599
0.9009009009009009,1.0,0.050071546171914276,0.09536787536897362
0.9019019019019019,1.0,0.048197195350747936,0.09196207653392964
0.9029029029029029,1.0,0.04754511584961579,0.09077435449842965
0.9039039039039038,1.0,0.04468677652255596,0.0855505736777958
0.9049049049049049,1.0,0.0438342366115777,0.083986968570545
0.9059059059059059,1.0,0.0411740768819894,0.07909162895275623
0.9069069069069069,1.0,0.0386962770761444,0.07450932082874437
0.9079079079079079,1.0,0.0369599354360511,0.07128517539206394
0.9089089089089089,1.0,0.034294441383004366,0.0663146585940221
0.9099099099099099,1.0,0.03272166711936035,0.06336976972824263
0.9109109109109109,1.0,0.03026144026990799,0.05874516717228608
0.9119119119119119,1.0,0.026433850934589866,0.05150619479379267
0.9129129129129129,1.0,0.023785901007358886,0.04646655318061059
0.9139139139139139,1.0,0.02117412791255168,0.04147016132466084
0.914914914914915,1.0,0.016593240352765708,0.03264479773052145
0.9159159159159159,1.0,0.013679987207245874,0.0269907414171905
0.9169169169169169,1.0,0.012451037074753481,0.024595830551426792
0.9179179179179179,1.0,0.01137134683903707,0.02248698635684575
0.9189189189189189,1.0,0.009885210269738496,0.019576898778620937
0.91991991991992,1.0,0.00892304040128791,0.017688247852361207
0.9209209209209209,1.0,0.008615011304862688,0.017082853632561543
0.9219219219219219,1.0,0.00551618848653378,0.010971854157488097
0.9229229229229229,1.0,0.004229172732436321,0.008422724308892644
0.9239239239239239,1.0,0.0033648102451654554,0.006707052531258867
0.924924924924925,1.0,0.003007337757192862,0.005996641587722612
0.9259259259259259,1.0,0.0025292165302170694,0.005045671464759424
0.9269269269269269,1.0,0.001955956615844929,0.0039042766359736365
0.9279279279279279,1.0,0.0018242205402158088,0.0036417976383763817
0.9289289289289289,1.0,0.0016924844645866887,0.0033792496017205046
0.92992992992993,1.0,0.0015607483889575541,0.0031166324987636903
0.9309309309309309,1.0,0.0014203219492213222,0.002836614991908147
0.9319319319319319,1.0,0.001275055197100336,0.002546863003292022
0.9329329329329329,1.0,0.0011297884449793499,0.0022570269270165495
0.933933933933934,1.0,0.0010001757542071384,0.001998352804390973
0.934934934934935,1.0,0.0009474990139055918,0.0018932042186808617
0.9359359359359359,1.0,0.000894822273604045,0.0017880445651050373
0.9369369369369369,1.0,0.0008421455333024983,0.0016828738419159153
0.9379379379379379,1.0,0.0007894687930009516,0.0015776920473655422
0.938938938938939,1.0,0.000736792052699399,0.0014724991797055843
0.93993993993994,1.0,0.0006841153123978523,0.0013672952371873762
0.9409409409409409,1.0,0.0006314385720963054,0.001262080218061847
0.9419419419419419,1.0,0.0005787618317947587,0.0011568541205795716
0.9429429429429429,1.0,0.000526085091493212,0.001051616942990755
0.943943943943944,1.0,0.0,0.0
0.944944944944945,1.0,0.0,0.0
0.9459459459459459,1.0,0.0,0.0
0.9469469469469469,1.0,0.0,0.0
0.9479479479479479,1.0,0.0,0.0
0.948948948948949,1.0,0.0,0.0
0.94994994994995,1.0,0.0,0.0
0.950950950950951,1.0,0.0,0.0
0.9519519519519519,1.0,0.0,0.0
0.9529529529529529,1.0,0.0,0.0
0.953953953953954,1.0,0.0,0.0
0.954954954954955,1.0,0.0,0.0
0.955955955955956,1.0,0.0,0.0
0.9569569569569569,1.0,0.0,0.0
0.9579579579579579,1.0,0.0,0.0
0.958958958958959,1.0,0.0,0.0
0.95995995995996,1.0,0.0,0.0
0.960960960960961,1.0,0.0,0.0
0.9619619619619619,1.0,0.0,0.0
0.9629629629629629,1.0,0.0,0.0
0.963963963963964,1.0,0.0,0.0
0.964964964964965,1.0,0.0,0.0
0.965965965965966,1.0,0.0,0.0
0.9669669669669669,1.0,0.0,0.0
0.9679679679679679,1.0,0.0,0.0
0.968968968968969,1.0,0.0,0.0
0.96996996996997,1.0,0.0,0.0
0.970970970970971,1.0,0.0,0.0
0.9719719719719719,1.0,0.0,0.0
0.9729729729729729,1.0,0.0,0.0
0.973973973973974,1.0,0.0,0.0
0.974974974974975,1.0,0.0,0.0
0.975975975975976,1.0,0.0,0.0
0.9769769769769769,1.0,0.0,0.0
0.9779779779779779,1.0,0.0,0.0
0.978978978978979,1.0,0.0,0.0
0.97997997997998,1.0,0.0,0.0
0.980980980980981,1.0,0.0,0.0
0.9819819819819819,1.0,0.0,0.0
0.9829829829829829,1.0,0.0,0.0
0.983983983983984,1.0,0.0,0.0
0.984984984984985,1.0,0.0,0.0
0.985985985985986,1.0,0.0,0.0
0.986986986986987,1.0,0.0,0.0
0.9879879879879879,1.0,0.0,0.0
0.988988988988989,1.0,0.0,0.0
0.98998998998999,1.0,0.0,0.0
0.990990990990991,1.0,0.0,0.0
0.991991991991992,1.0,0.0,0.0
0.992992992992993,1.0,0.0,0.0
0.993993993993994,1.0,0.0,0.0
0.994994994994995,1.0,0.0,0.0
0.995995995995996,1.0,0.0,0.0
0.996996996996997,1.0,0.0,0.0
0.997997997997998,1.0,0.0,0.0
0.998998998998999,1.0,0.0,0.0
1.0,1.0,0.0,0.0
