track_id,rank,filename,easy_text,easy_confidence,paddle_text,paddle_confidence,exact_agreement,easy_indian_format,paddle_indian_format
1,1,track_0001_rank_1_frame_00002_score_0.549.jpg,XRAT,0.21286641061306,AF32AT2,0.8076,False,False,True
4,1,track_0004_rank_1_frame_00030_score_0.527.jpg,,0.0,,0.0,False,False,False
4,2,track_0004_rank_2_frame_00041_score_0.522.jpg,,0.0,,0.0,False,False,False
4,3,track_0004_rank_3_frame_00066_score_0.510.jpg,,0.0,,0.0,False,False,False
4,4,track_0004_rank_4_frame_00061_score_0.443.jpg,,0.0,,0.0,False,False,False
4,5,track_0004_rank_5_frame_00006_score_0.356.jpg,G4NJ,0.054928429424762726,,0.0,False,False,False
2,1,track_0002_rank_1_frame_00014_score_0.721.jpg,COM,0.9690342563893994,COM,0.9162,True,False,False
2,2,track_0002_rank_2_frame_00098_score_0.474.jpg,M7F77EHT,0.10957504649240501,,0.0,False,False,False
2,3,track_0002_rank_3_frame_00126_score_0.452.jpg,,0.0,,0.0,False,False,False
2,4,track_0002_rank_4_frame_00076_score_0.332.jpg,756,0.163802039109374,,0.0,False,False,False
14,1,track_0014_rank_1_frame_00012_score_0.720.jpg,COM,0.9400624335164409,COM,0.9635,True,False,False
15,1,track_0015_rank_1_frame_00013_score_0.391.jpg,C6,0.29350230432486,,0.0,False,False,False
17,1,track_0017_rank_1_frame_00022_score_0.471.jpg,1S,0.012802042352993282,,0.0,False,False,False
17,2,track_0017_rank_2_frame_00034_score_0.461.jpg,,0.0,,0.0,False,False,False
17,3,track_0017_rank_3_frame_00029_score_0.439.jpg,7,0.8119397103419921,,0.0,False,False,False
5,1,track_0005_rank_1_frame_00090_score_0.478.jpg,,0.0,,0.0,False,False,False
5,2,track_0005_rank_2_frame_00063_score_0.458.jpg,,0.0,,0.0,False,False,False
5,3,track_0005_rank_3_frame_00048_score_0.390.jpg,,0.0,,0.0,False,False,False
84,1,track_0084_rank_1_frame_00175_score_0.474.jpg,,0.0,,0.0,False,False,False
84,2,track_0084_rank_2_frame_00182_score_0.450.jpg,,0.0,,0.0,False,False,False
84,3,track_0084_rank_3_frame_00166_score_0.414.jpg,,0.0,,0.0,False,False,False
108,1,track_0108_rank_1_frame_00264_score_0.777.jpg,IWI,0.9607320524898352,WWILE,0.8829,False,False,False
108,2,track_0108_rank_2_frame_00288_score_0.765.jpg,AE7144,0.9566052609038419,AE7144,0.9962,True,False,False
108,3,track_0108_rank_3_frame_00294_score_0.742.jpg,NNA,0.5615739498480986,,0.0,False,False,False
108,4,track_0108_rank_4_frame_00238_score_0.723.jpg,ICO,0.9902081022225189,INDIACO,0.9873,False,False,False
108,5,track_0108_rank_5_frame_00275_score_0.687.jpg,4,0.764988748348717,IPSHAE7144,0.6546,False,False,False
97,1,track_0097_rank_1_frame_00237_score_0.405.jpg,,0.0,,0.0,False,False,False
123,1,track_0123_rank_1_frame_00289_score_0.783.jpg,WJAE7144,0.698473000543517,VANROAE7144,0.8447,False,False,False
123,2,track_0123_rank_2_frame_00294_score_0.750.jpg,NNA,0.5615739498480986,,0.0,False,False,False
123,3,track_0123_rank_3_frame_00304_score_0.673.jpg,V,0.998346297728304,,0.0,False,False,False
121,1,track_0121_rank_1_frame_00293_score_0.513.jpg,,0.0,,0.0,False,False,False
121,2,track_0121_rank_2_frame_00283_score_0.340.jpg,F,0.7851628478521242,,0.0,False,False,False
126,1,track_0126_rank_1_frame_00341_score_0.624.jpg,,0.0,,0.0,False,False,False
126,2,track_0126_rank_2_frame_00325_score_0.622.jpg,,0.0,,0.0,False,False,False
126,3,track_0126_rank_3_frame_00331_score_0.621.jpg,,0.0,,0.0,False,False,False
126,4,track_0126_rank_4_frame_00317_score_0.608.jpg,,0.0,,0.0,False,False,False
126,5,track_0126_rank_5_frame_00303_score_0.568.jpg,,0.0,,0.0,False,False,False
131,1,track_0131_rank_1_frame_00310_score_0.456.jpg,65,0.31472752111349733,,0.0,False,False,False
150,1,track_0150_rank_1_frame_00339_score_0.616.jpg,V7,0.9079170447470208,PAE7144,0.8635,False,False,False
155,1,track_0155_rank_1_frame_00353_score_0.582.jpg,,0.0,,0.0,False,False,False
170,1,track_0170_rank_1_frame_00509_score_0.879.jpg,,0.0,,0.0,False,False,False
170,2,track_0170_rank_2_frame_00448_score_0.766.jpg,,0.0,,0.0,False,False,False
170,3,track_0170_rank_3_frame_00441_score_0.758.jpg,,0.0,,0.0,False,False,False
170,4,track_0170_rank_4_frame_00489_score_0.751.jpg,,0.0,,0.0,False,False,False
170,5,track_0170_rank_5_frame_00430_score_0.706.jpg,,0.0,,0.0,False,False,False
172,1,track_0172_rank_1_frame_00366_score_0.656.jpg,C,0.115903759827237,,0.0,False,False,False
171,1,track_0171_rank_1_frame_00578_score_0.569.jpg,HAJB3,0.012403012153126797,,0.0,False,False,False
171,2,track_0171_rank_2_frame_00583_score_0.509.jpg,,0.0,,0.0,False,False,False
171,3,track_0171_rank_3_frame_00455_score_0.493.jpg,XM,0.15424317107144425,,0.0,False,False,False
171,4,track_0171_rank_4_frame_00546_score_0.490.jpg,JQEZ,0.20714378356933594,,0.0,False,False,False
171,5,track_0171_rank_5_frame_00555_score_0.476.jpg,K3I,0.014245156527814938,,0.0,False,False,False
232,1,track_0232_rank_1_frame_00525_score_0.448.jpg,N3,0.0880876266044568,,0.0,False,False,False
232,2,track_0232_rank_2_frame_00532_score_0.423.jpg,,0.0,,0.0,False,False,False
241,1,track_0241_rank_1_frame_00577_score_0.470.jpg,JK,0.11792423308759686,,0.0,False,False,False
233,1,track_0233_rank_1_frame_00611_score_0.793.jpg,SI,0.9995381017909194,ISINDIA,0.9132,False,False,False
233,2,track_0233_rank_2_frame_00618_score_0.770.jpg,SII,0.9426882610569034,MSINDIA,0.9938,False,False,False
233,3,track_0233_rank_3_frame_00603_score_0.730.jpg,IC,0.9912856696062454,INDIA,0.9982,False,False,False
233,4,track_0233_rank_4_frame_00592_score_0.639.jpg,J1,0.6387039527265461,NDIACO,0.9574,False,False,False
252,1,track_0252_rank_1_frame_00748_score_0.820.jpg,E3,0.29314904960357646,,0.0,False,False,False
252,2,track_0252_rank_2_frame_00743_score_0.801.jpg,3EE,0.7526517193173241,,0.0,False,False,False
252,3,track_0252_rank_3_frame_00651_score_0.736.jpg,IFIMSIN1CM,0.5006326228347561,LDFILMSINDIACOM,0.9644,False,False,False
252,4,track_0252_rank_4_frame_00624_score_0.726.jpg,JFIMSIICOM,0.7876988330805167,DFILMSINDIACOM,0.9269,False,False,False
252,5,track_0252_rank_5_frame_00661_score_0.697.jpg,APIIZ3837,0.9023951732551936,APIIZ3837,0.9607,True,False,False
253,1,track_0253_rank_1_frame_00631_score_0.672.jpg,,0.0,,0.0,False,False,False
253,2,track_0253_rank_2_frame_00636_score_0.526.jpg,,0.0,,0.0,False,False,False
255,1,track_0255_rank_1_frame_00632_score_0.653.jpg,,0.0,,0.0,False,False,False
255,2,track_0255_rank_2_frame_00626_score_0.631.jpg,,0.0,,0.0,False,False,False
258,1,track_0258_rank_1_frame_00879_score_0.763.jpg,JCM,0.7555769932412673,DIACOM,0.9878,False,False,False
258,2,track_0258_rank_2_frame_00866_score_0.735.jpg,,0.0,,0.0,False,False,False
258,3,track_0258_rank_3_frame_00886_score_0.724.jpg,ICO,0.941552321051633,NDIACO,0.9882,False,False,False
258,4,track_0258_rank_4_frame_00830_score_0.713.jpg,1,0.5228366377328513,7A877,0.5032,False,False,False
258,5,track_0258_rank_5_frame_00824_score_0.703.jpg,,0.0,,0.0,False,False,False
279,1,track_0279_rank_1_frame_00835_score_0.706.jpg,11,0.9999256537687161,APIAMV417,0.6002,False,False,False
277,1,track_0277_rank_1_frame_00885_score_0.657.jpg,,0.0,,0.0,False,False,False
277,2,track_0277_rank_2_frame_00879_score_0.610.jpg,,0.0,,0.0,False,False,False
282,1,track_0282_rank_1_frame_01069_score_0.547.jpg,,0.0,,0.0,False,False,False
282,2,track_0282_rank_2_frame_01079_score_0.510.jpg,,0.0,,0.0,False,False,False
282,3,track_0282_rank_3_frame_01106_score_0.485.jpg,,0.0,,0.0,False,False,False
282,4,track_0282_rank_4_frame_01092_score_0.465.jpg,,0.0,,0.0,False,False,False
282,5,track_0282_rank_5_frame_01111_score_0.439.jpg,,0.0,,0.0,False,False,False
284,1,track_0284_rank_1_frame_01100_score_0.751.jpg,W,0.9995626689417101,WWW,0.7865,False,False,False
284,2,track_0284_rank_2_frame_01105_score_0.727.jpg,WW,0.9737820398219285,WWW,0.5841,False,False,False
