track_id,rank,frame,vehicle,filename,paddle_text,paddle_confidence,text_regions,indian_format,quality_score,plate_confidence
1,1,2,car,track_0001_rank_1_frame_00002_score_0.549.jpg,AF32AT2,0.8076,1,True,0.5487,0.7932
4,1,30,truck,track_0004_rank_1_frame_00030_score_0.527.jpg,,0.0,0,False,0.5274,0.6445
4,2,41,truck,track_0004_rank_2_frame_00041_score_0.522.jpg,,0.0,0,False,0.5223,0.67
4,3,66,bus,track_0004_rank_3_frame_00066_score_0.510.jpg,,0.0,0,False,0.5096,0.709
4,4,61,bus,track_0004_rank_4_frame_00061_score_0.443.jpg,,0.0,0,False,0.4426,0.5807
4,5,6,bus,track_0004_rank_5_frame_00006_score_0.356.jpg,,0.0,0,False,0.3564,0.4516
2,1,14,bus,track_0002_rank_1_frame_00014_score_0.721.jpg,COM,0.9162,1,False,0.7208,0.6718
2,2,98,bus,track_0002_rank_2_frame_00098_score_0.474.jpg,,0.0,0,False,0.4736,0.6547
2,3,126,car,track_0002_rank_3_frame_00126_score_0.452.jpg,,0.0,0,False,0.4523,0.5014
2,4,76,bus,track_0002_rank_4_frame_00076_score_0.332.jpg,,0.0,0,False,0.3319,0.4806
14,1,12,truck,track_0014_rank_1_frame_00012_score_0.720.jpg,COM,0.9635,1,False,0.7196,0.6772
15,1,13,truck,track_0015_rank_1_frame_00013_score_0.391.jpg,,0.0,0,False,0.3911,0.5288
17,1,22,car,track_0017_rank_1_frame_00022_score_0.471.jpg,,0.0,0,False,0.471,0.6548
17,2,34,car,track_0017_rank_2_frame_00034_score_0.461.jpg,,0.0,0,False,0.4614,0.4643
17,3,29,car,track_0017_rank_3_frame_00029_score_0.439.jpg,,0.0,0,False,0.4385,0.6283
5,1,90,car,track_0005_rank_1_frame_00090_score_0.478.jpg,,0.0,0,False,0.4781,0.7149
5,2,63,car,track_0005_rank_2_frame_00063_score_0.458.jpg,,0.0,0,False,0.4583,0.6419
5,3,48,car,track_0005_rank_3_frame_00048_score_0.390.jpg,,0.0,0,False,0.3895,0.435
84,1,175,car,track_0084_rank_1_frame_00175_score_0.474.jpg,,0.0,0,False,0.4737,0.573
84,2,182,car,track_0084_rank_2_frame_00182_score_0.450.jpg,,0.0,0,False,0.4499,0.5043
84,3,166,truck,track_0084_rank_3_frame_00166_score_0.414.jpg,,0.0,0,False,0.4137,0.4598
108,1,264,motorcycle,track_0108_rank_1_frame_00264_score_0.777.jpg,WWILE,0.8829,1,False,0.7772,0.7407
108,2,288,motorcycle,track_0108_rank_2_frame_00288_score_0.765.jpg,AE7144,0.9962,1,False,0.7652,0.8655
108,3,294,motorcycle,track_0108_rank_3_frame_00294_score_0.742.jpg,,0.0,0,False,0.7421,0.8474
108,4,238,motorcycle,track_0108_rank_4_frame_00238_score_0.723.jpg,INDIACO,0.9873,1,False,0.7235,0.726
108,5,275,motorcycle,track_0108_rank_5_frame_00275_score_0.687.jpg,IPSHAE7144,0.6546,2,False,0.6867,0.8798
97,1,237,motorcycle,track_0097_rank_1_frame_00237_score_0.405.jpg,,0.0,0,False,0.4054,0.4674
123,1,289,motorcycle,track_0123_rank_1_frame_00289_score_0.783.jpg,VANROAE7144,0.8447,2,False,0.783,0.8748
123,2,294,motorcycle,track_0123_rank_2_frame_00294_score_0.750.jpg,,0.0,0,False,0.7498,0.8613
123,3,304,motorcycle,track_0123_rank_3_frame_00304_score_0.673.jpg,,0.0,0,False,0.6729,0.7647
121,1,293,motorcycle,track_0121_rank_1_frame_00293_score_0.513.jpg,,0.0,0,False,0.5129,0.7167
121,2,283,motorcycle,track_0121_rank_2_frame_00283_score_0.340.jpg,,0.0,0,False,0.3401,0.4392
126,1,341,motorcycle,track_0126_rank_1_frame_00341_score_0.624.jpg,,0.0,0,False,0.6243,0.8528
126,2,325,motorcycle,track_0126_rank_2_frame_00325_score_0.622.jpg,,0.0,0,False,0.6216,0.8513
126,3,331,motorcycle,track_0126_rank_3_frame_00331_score_0.621.jpg,,0.0,0,False,0.6209,0.852
126,4,317,motorcycle,track_0126_rank_4_frame_00317_score_0.608.jpg,,0.0,0,False,0.6078,0.8325
126,5,303,motorcycle,track_0126_rank_5_frame_00303_score_0.568.jpg,,0.0,0,False,0.5676,0.7923
131,1,310,car,track_0131_rank_1_frame_00310_score_0.456.jpg,,0.0,0,False,0.4564,0.5969
150,1,339,car,track_0150_rank_1_frame_00339_score_0.616.jpg,PAE7144,0.8635,2,False,0.6161,0.7901
155,1,353,car,track_0155_rank_1_frame_00353_score_0.582.jpg,,0.0,0,False,0.5819,0.76
170,1,509,car,track_0170_rank_1_frame_00509_score_0.879.jpg,,0.0,0,False,0.8793,0.799
170,2,448,car,track_0170_rank_2_frame_00448_score_0.766.jpg,,0.0,0,False,0.7656,0.7775
170,3,441,car,track_0170_rank_3_frame_00441_score_0.758.jpg,,0.0,0,False,0.7584,0.8052
170,4,489,car,track_0170_rank_4_frame_00489_score_0.751.jpg,,0.0,0,False,0.7508,0.7652
170,5,430,car,track_0170_rank_5_frame_00430_score_0.706.jpg,,0.0,0,False,0.7061,0.6496
172,1,366,truck,track_0172_rank_1_frame_00366_score_0.656.jpg,,0.0,0,False,0.6562,0.5029
171,1,578,car,track_0171_rank_1_frame_00578_score_0.569.jpg,,0.0,0,False,0.5687,0.6475
171,2,583,car,track_0171_rank_2_frame_00583_score_0.509.jpg,,0.0,0,False,0.5088,0.5455
171,3,455,car,track_0171_rank_3_frame_00455_score_0.493.jpg,,0.0,0,False,0.4933,0.5842
171,4,546,car,track_0171_rank_4_frame_00546_score_0.490.jpg,,0.0,0,False,0.4901,0.5461
171,5,555,car,track_0171_rank_5_frame_00555_score_0.476.jpg,,0.0,0,False,0.4764,0.5216
232,1,525,car,track_0232_rank_1_frame_00525_score_0.448.jpg,,0.0,0,False,0.4482,0.4865
232,2,532,truck,track_0232_rank_2_frame_00532_score_0.423.jpg,,0.0,0,False,0.4231,0.4519
241,1,577,truck,track_0241_rank_1_frame_00577_score_0.470.jpg,,0.0,0,False,0.4703,0.4925
233,1,611,motorcycle,track_0233_rank_1_frame_00611_score_0.793.jpg,ISINDIA,0.9132,1,False,0.7925,0.7841
233,2,618,motorcycle,track_0233_rank_2_frame_00618_score_0.770.jpg,MSINDIA,0.9938,1,False,0.7701,0.786
233,3,603,motorcycle,track_0233_rank_3_frame_00603_score_0.730.jpg,INDIA,0.9982,1,False,0.73,0.6807
233,4,592,motorcycle,track_0233_rank_4_frame_00592_score_0.639.jpg,NDIACO,0.9574,1,False,0.6391,0.5461
252,1,748,bus,track_0252_rank_1_frame_00748_score_0.820.jpg,,0.0,0,False,0.8197,0.8544
252,2,743,bus,track_0252_rank_2_frame_00743_score_0.801.jpg,,0.0,0,False,0.8011,0.8064
252,3,651,bus,track_0252_rank_3_frame_00651_score_0.736.jpg,LDFILMSINDIACOM,0.9644,1,False,0.7362,0.7342
252,4,624,bus,track_0252_rank_4_frame_00624_score_0.726.jpg,DFILMSINDIACOM,0.9269,1,False,0.7261,0.7548
252,5,661,bus,track_0252_rank_5_frame_00661_score_0.697.jpg,APIIZ3837,0.9607,2,False,0.6974,0.7926
253,1,631,motorcycle,track_0253_rank_1_frame_00631_score_0.672.jpg,,0.0,0,False,0.672,0.7645
253,2,636,motorcycle,track_0253_rank_2_frame_00636_score_0.526.jpg,,0.0,0,False,0.5265,0.5056
255,1,632,motorcycle,track_0255_rank_1_frame_00632_score_0.653.jpg,,0.0,0,False,0.6534,0.7451
255,2,626,motorcycle,track_0255_rank_2_frame_00626_score_0.631.jpg,,0.0,0,False,0.6315,0.719
258,1,879,motorcycle,track_0258_rank_1_frame_00879_score_0.763.jpg,DIACOM,0.9878,1,False,0.763,0.7561
258,2,866,motorcycle,track_0258_rank_2_frame_00866_score_0.735.jpg,,0.0,0,False,0.735,0.7161
258,3,886,motorcycle,track_0258_rank_3_frame_00886_score_0.724.jpg,NDIACO,0.9882,1,False,0.7235,0.7
258,4,830,motorcycle,track_0258_rank_4_frame_00830_score_0.713.jpg,7A877,0.5032,2,False,0.7128,0.789
258,5,824,motorcycle,track_0258_rank_5_frame_00824_score_0.703.jpg,,0.0,0,False,0.7031,0.7997
279,1,835,motorcycle,track_0279_rank_1_frame_00835_score_0.706.jpg,APIAMV417,0.6002,2,False,0.706,0.8332
277,1,885,bus,track_0277_rank_1_frame_00885_score_0.657.jpg,,0.0,0,False,0.6571,0.6012
277,2,879,bus,track_0277_rank_2_frame_00879_score_0.610.jpg,,0.0,0,False,0.6099,0.5417
282,1,1069,motorcycle,track_0282_rank_1_frame_01069_score_0.547.jpg,,0.0,0,False,0.5468,0.7369
282,2,1079,motorcycle,track_0282_rank_2_frame_01079_score_0.510.jpg,,0.0,0,False,0.5098,0.6837
282,3,1106,motorcycle,track_0282_rank_3_frame_01106_score_0.485.jpg,,0.0,0,False,0.4848,0.6874
282,4,1092,motorcycle,track_0282_rank_4_frame_01092_score_0.465.jpg,,0.0,0,False,0.4645,0.6512
282,5,1111,motorcycle,track_0282_rank_5_frame_01111_score_0.439.jpg,,0.0,0,False,0.4391,0.6088
284,1,1100,car,track_0284_rank_1_frame_01100_score_0.751.jpg,WWW,0.7865,1,False,0.7509,0.7873
284,2,1105,car,track_0284_rank_2_frame_01105_score_0.727.jpg,WWW,0.5841,1,False,0.7268,0.7518
