track_id,ground_truth,status,source
1,,UNREADABLE,M20_manual_track_review
2,,NOT_A_PLATE,M20_manual_track_review
4,,NOT_A_PLATE,M20_manual_track_review
5,,NOT_A_PLATE,M20_manual_track_review
14,,NOT_A_PLATE,M20_manual_track_review
15,,UNREADABLE,M20_manual_track_review
17,,UNREADABLE,M20_manual_track_review
84,,NOT_A_PLATE,M20_manual_track_review
97,,NOT_A_PLATE,M20_manual_track_review
108,AP31AE7144,VERIFIED,M12_manual_visual
121,,UNREADABLE,M20_manual_track_review
123,AP31AE7144,VERIFIED,M12_manual_visual
126,,UNREADABLE,M20_manual_track_review
131,,UNREADABLE,M20_manual_track_review
150,AP31AE7144,VERIFIED,M20_manual_track_review
155,,NOT_A_PLATE,M20_manual_track_review
170,,NOT_A_PLATE,M20_manual_track_review
171,,UNREADABLE,M20_manual_track_review
172,,UNREADABLE,M20_manual_track_review
232,,UNREADABLE,M20_manual_track_review
233,,NOT_A_PLATE,M20_manual_track_review
241,,UNREADABLE,M20_manual_track_review
252,AP11Z3837,VERIFIED,M12_manual_visual
253,,NOT_A_PLATE,M20_manual_track_review
255,,NOT_A_PLATE,M20_manual_track_review
258,,UNREADABLE,M20_manual_track_review
277,,NOT_A_PLATE,M20_manual_track_review
279,,UNREADABLE,M20_manual_track_review
282,,UNREADABLE,M20_manual_track_review
284,,NOT_A_PLATE,M20_manual_track_review
